0.01,-0.0009996177
0.02,-0.0006980015
0.03,-0.0008318922
0.04,-0.0008778643
0.05,-0.0008852187
0.06,-0.000883986
0.07,-0.0008785712
0.08,-0.000870827
0.09,-0.0008617218
0.1,-0.0008518105
0.11,-0.000841426
0.12,-0.0008307722
0.13,-0.0008199747
0.14,-0.0008091103
0.15,-0.0007982244
0.16,-0.0007873425
0.17,-0.000776477
0.18,-0.0007656321
0.19,-0.0007548067
0.2,-0.0007439963
0.21,-0.0007331948
0.22,-0.0007223949
0.23,-0.0007115891
0.24,-0.0007007698
0.25,-0.0006899297
0.26,-0.000679062
0.27,-0.0006681606
0.28,-0.0006572197
0.29,-0.0006462343
0.3,-0.0006352
0.31,-0.0006241132
0.32,-0.0006129706
0.33,-0.0006017697
0.34,-0.0005905086
0.35,-0.0005791856
0.36,-0.0005678
0.37,-0.0005563511
0.38,-0.0005448389
0.39,-0.0005332638
0.4,-0.0005216266
0.41,-0.0005099283
0.42,-0.0004981705
0.43,-0.0004863549
0.44,-0.0004744837
0.45,-0.0004625592
0.46,-0.0004505841
0.47,-0.0004385614
0.48,-0.0004264942
0.49,-0.0004143857
0.5,-0.0004022397
0.51,-0.0003900599
0.52,-0.0003778502
0.53,-0.0003656147
0.54,-0.0003533578
0.55,-0.0003410837
0.56,-0.0003287971
0.57,-0.0003165025
0.58,-0.0003042047
0.59,-0.0002919085
0.6,-0.0002796189
0.61,-0.0002673407
0.62,-0.0002550791
0.63,-0.0002428389
0.64,-0.0002306253
0.65,-0.0002184433
0.66,-0.0002062978
0.67,-0.000194194
0.68,-0.0001821366
0.69,-0.0001701305
0.7,-0.0001581803
0.71,-0.0001462906
0.72,-0.0001344658
0.73,-0.00012271
0.74,-0.0001110269
0.75,-9.942033E-05
0.76,-8.789328E-05
0.77,-7.644856E-05
0.78,-6.508837E-05
0.79,-5.38143E-05
0.8,-4.262715E-05
0.81,-3.152675E-05
0.82,-2.051161E-05
0.83,-9.5784E-06
0.84,1.279085E-06
0.85,1.208588E-05
0.86,2.283128E-05
0.87,3.341698E-05
0.88,4.383968E-05
0.89,5.410487E-05
0.9,6.421912E-05
0.91,7.418935E-05
0.92,8.402284E-05
0.93,9.372733E-05
0.94,0.0001033112
0.95,0.0001127833
0.96,0.0001221533
0.97,0.0001314314
0.98,0.0001406283
0.99,0.0001497554
1,0.0001588244
1.01,0.0001678473
1.02,0.0001768363
1.03,0.0001858039
1.04,0.0001947622
1.05,0.0002037234
1.06,0.0002126993
1.07,0.0002217013
1.08,0.0002307405
1.09,0.0002398271
1.1,0.0002489708
1.11,0.0002581805
1.12,0.0002674645
1.13,0.0002768302
1.14,0.0002862842
1.15,0.0002958322
1.16,0.0003054794
1.17,0.00031523
1.18,0.0003250874
1.19,0.0003350545
1.2,0.0003451335
1.21,0.0003553258
1.22,0.0003656324
1.23,0.0003760537
1.24,0.0003865895
1.25,0.0003972393
1.26,0.0004080021
1.27,0.0004188766
1.28,0.0004298609
1.29,0.0004409531
1.3,0.0004521508
1.31,0.0004634515
1.32,0.0004748524
1.33,0.0004863504
1.34,0.0004979423
1.35,0.0005096248
1.36,0.0005213943
1.37,0.0005332471
1.38,0.0005451796
1.39,0.0005571877
1.4,0.0005692676
1.41,0.000581415
1.42,0.0005936259
1.43,0.0006058961
1.44,0.0006182211
1.45,0.0006305968
1.46,0.0006430186
1.47,0.0006554821
1.48,0.0006679829
1.49,0.0006805163
1.5,0.0006930779
1.51,0.000705663
1.52,0.0007182671
1.53,0.0007308854
1.54,0.0007435133
1.55,0.0007561461
1.56,0.0007687792
1.57,0.0007814078
1.58,0.0007940272
1.59,0.0008066326
1.6,0.0008192193
1.61,0.0008317826
1.62,0.0008443177
1.63,0.0008568198
1.64,0.0008692843
1.65,0.0008817062
1.66,0.000894081
1.67,0.0009064039
1.68,0.00091867
1.69,0.0009308747
1.7,0.0009430133
1.71,0.000955081
1.72,0.0009670732
1.73,0.0009789852
1.74,0.0009908122
1.75,0.00100255
1.76,0.001014193
1.77,0.001025737
1.78,0.001037178
1.79,0.001048511
1.8,0.001059732
1.81,0.001070835
1.82,0.001081817
1.83,0.001092673
1.84,0.001103398
1.85,0.001113989
1.86,0.00112444
1.87,0.001134748
1.88,0.001144908
1.89,0.001154916
1.9,0.001164767
1.91,0.001174458
1.92,0.001183985
1.93,0.001193343
1.94,0.001202528
1.95,0.001211536
1.96,0.001220363
1.97,0.001229006
1.98,0.001237461
1.99,0.001245723
2,0.00125379
2.01,0.001261656
2.02,0.00126932
2.03,0.001276777
2.04,0.001284023
2.05,0.001291056
2.06,0.001297872
2.07,0.001304467
2.08,0.001310839
2.09,0.001316984
2.1,0.001322899
2.11,0.001328581
2.12,0.001334027
2.13,0.001339235
2.14,0.001344201
2.15,0.001348922
2.16,0.001353397
2.17,0.001357622
2.18,0.001361596
2.19,0.001365315
2.2,0.001368777
2.21,0.00137198
2.22,0.001374922
2.23,0.001377601
2.24,0.001380015
2.25,0.001382162
2.26,0.00138404
2.27,0.001385648
2.28,0.001386983
2.29,0.001388045
2.3,0.001388831
2.31,0.001389341
2.32,0.001389574
2.33,0.001389528
2.34,0.001389202
2.35,0.001388595
2.36,0.001387706
2.37,0.001386535
2.38,0.001385081
2.39,0.001383344
2.4,0.001381322
2.41,0.001379016
2.42,0.001376426
2.43,0.00137355
2.44,0.00137039
2.45,0.001366945
2.46,0.001363215
2.47,0.001359201
2.48,0.001354903
2.49,0.001350321
2.5,0.001345456
2.51,0.001340308
2.52,0.001334878
2.53,0.001329166
2.54,0.001323175
2.55,0.001316903
2.56,0.001310353
2.57,0.001303525
2.58,0.00129642
2.59,0.00128904
2.6,0.001281386
2.61,0.001273458
2.62,0.001265258
2.63,0.001256787
2.64,0.001248047
2.65,0.001239039
2.66,0.001229764
2.67,0.001220225
2.68,0.001210422
2.69,0.001200357
2.7,0.001190031
2.71,0.001179448
2.72,0.001168607
2.73,0.001157511
2.74,0.001146163
2.75,0.001134564
2.76,0.001122716
2.77,0.001110621
2.78,0.001098282
2.79,0.001085701
2.8,0.00107288
2.81,0.001059823
2.82,0.001046532
2.83,0.001033009
2.84,0.001019258
2.85,0.001005281
2.86,0.0009910826
2.87,0.000976665
2.88,0.0009620318
2.89,0.0009471865
2.9,0.0009321328
2.91,0.0009168742
2.92,0.0009014148
2.93,0.0008857583
2.94,0.0008699089
2.95,0.0008538706
2.96,0.0008376478
2.97,0.0008212447
2.98,0.0008046658
2.99,0.0007879157
3,0.0007709989
3.01,0.0007539201
3.02,0.0007366842
3.03,0.0007192959
3.04,0.0007017602
3.05,0.000684082
3.06,0.0006662665
3.07,0.0006483186
3.08,0.0006302435
3.09,0.0006120463
3.1,0.0005937323
3.11,0.0005753066
3.12,0.0005567744
3.13,0.000538141
3.14,0.0005194114
3.15,0.000500591
3.16,0.0004816849
3.17,0.0004626981
3.18,0.0004436356
3.19,0.0004245024
3.2,0.0004053034
3.21,0.0003860433
3.22,0.0003667266
3.23,0.000347358
3.24,0.0003279415
3.25,0.0003084813
3.26,0.0002889812
3.27,0.0002694447
3.28,0.000249875
3.29,0.000230275
3.3,0.0002106471
3.31,0.0001909933
3.32,0.0001713148
3.33,0.0001516125
3.34,0.0001318862
3.35,0.0001121347
3.36,9.235589E-05
3.37,7.254577E-05
3.38,5.269848E-05
3.39,3.280525E-05
3.4,1.285309E-05
3.41,-7.176833E-06
3.42,-2.740123E-05
3.43,-4.76831E-05
3.44,-6.788278E-05
3.45,-8.793355E-05
3.46,-0.0001078078
3.47,-0.0001274934
3.48,-0.0001469859
3.49,-0.0001662848
3.5,-0.0001853923
3.51,-0.0002043118
3.52,-0.0002230483
3.53,-0.0002416073
3.54,-0.0002599952
3.55,-0.0002782191
3.56,-0.0002962864
3.57,-0.000314205
3.58,-0.0003319834
3.59,-0.0003496302
3.6,-0.0003671545
3.61,-0.0003845655
3.62,-0.0004018728
3.63,-0.0004190859
3.64,-0.0004362148
3.65,-0.0004532692
3.66,-0.0004702588
3.67,-0.0004871935
3.68,-0.0005040829
3.69,-0.0005209365
3.7,-0.0005377635
3.71,-0.0005545729
3.72,-0.0005713734
3.73,-0.0005881735
3.74,-0.000604981
3.75,-0.0006218036
3.76,-0.0006386483
3.77,-0.0006555218
3.78,-0.0006724303
3.79,-0.0006893795
3.8,-0.0007063746
3.81,-0.0007234202
3.82,-0.0007405205
3.83,-0.0007576791
3.84,-0.0007748992
3.85,-0.0007921833
3.86,-0.0008095338
3.87,-0.0008269521
3.88,-0.0008444395
3.89,-0.0008619968
3.9,-0.0008796243
3.91,-0.0008973218
3.92,-0.0009150889
3.93,-0.0009329247
3.94,-0.000950828
3.95,-0.0009687973
3.96,-0.0009868305
3.97,-0.001004925
3.98,-0.00102308
3.99,-0.001041291
4,-0.001059555
4.01,-0.00107787
4.02,-0.001096232
4.03,-0.001114636
4.04,-0.00113308
4.05,-0.00115156
4.06,-0.00117007
4.07,-0.001188607
4.08,-0.001207167
4.09,-0.001225744
4.1,-0.001244334
4.11,-0.001262931
4.12,-0.001281532
4.13,-0.001300131
4.14,-0.001318723
4.15,-0.001337302
4.16,-0.001355863
4.17,-0.001374402
4.18,-0.001392912
4.19,-0.001411389
4.2,-0.001429826
4.21,-0.001448218
4.22,-0.001466559
4.23,-0.001484845
4.24,-0.001503069
4.25,-0.001521225
4.26,-0.001539309
4.27,-0.001557314
4.28,-0.001575234
4.29,-0.001593065
4.3,-0.001610799
4.31,-0.001628432
4.32,-0.001645958
4.33,-0.001663372
4.34,-0.001680666
4.35,-0.001697837
4.36,-0.001714877
4.37,-0.001731782
4.38,-0.001748546
4.39,-0.001765164
4.4,-0.001781629
4.41,-0.001797936
4.42,-0.00181408
4.43,-0.001830055
4.44,-0.001845855
4.45,-0.001861476
4.46,-0.001876912
4.47,-0.001892157
4.48,-0.001907207
4.49,-0.001922055
4.5,-0.001936697
4.51,-0.001951128
4.52,-0.001965342
4.53,-0.001979334
4.54,-0.0019931
4.55,-0.002006633
4.56,-0.00201993
4.57,-0.002032986
4.58,-0.002045795
4.59,-0.002058352
4.6,-0.002070654
4.61,-0.002082695
4.62,-0.002094471
4.63,-0.002105978
4.64,-0.00211721
4.65,-0.002128163
4.66,-0.002138834
4.67,-0.002149217
4.68,-0.002159309
4.69,-0.002169106
4.7,-0.002178603
4.71,-0.002187796
4.72,-0.002196682
4.73,-0.002205257
4.74,-0.002213517
4.75,-0.002221458
4.76,-0.002229076
4.77,-0.002236369
4.78,-0.002243332
4.79,-0.002249963
4.8,-0.002256258
4.81,-0.002262214
4.82,-0.002267828
4.83,-0.002273096
4.84,-0.002278017
4.85,-0.002282586
4.86,-0.002286802
4.87,-0.002290662
4.88,-0.002294163
4.89,-0.002297302
4.9,-0.002300078
4.91,-0.002302488
4.92,-0.00230453
4.93,-0.002306201
4.94,-0.002307501
4.95,-0.002308426
4.96,-0.002308976
4.97,-0.002309148
4.98,-0.00230894
4.99,-0.002308353
5,-0.002307383
5.01,-0.00230603
5.02,-0.002304293
5.03,-0.002302171
5.04,-0.002299662
5.05,-0.002296765
5.06,-0.002293481
5.07,-0.002289808
5.08,-0.002285746
5.09,-0.002281295
5.1,-0.002276454
5.11,-0.002271222
5.12,-0.002265601
5.13,-0.002259589
5.14,-0.002253188
5.15,-0.002246396
5.16,-0.002239216
5.17,-0.002231646
5.18,-0.002223688
5.19,-0.002215342
5.2,-0.00220661
5.21,-0.002197492
5.22,-0.002187988
5.23,-0.002178102
5.24,-0.002167832
5.25,-0.002157182
5.26,-0.002146151
5.27,-0.002134743
5.28,-0.002122959
5.29,-0.0021108
5.3,-0.002098268
5.31,-0.002085366
5.32,-0.002072095
5.33,-0.002058459
5.34,-0.002044459
5.35,-0.002030097
5.36,-0.002015377
5.37,-0.002000301
5.38,-0.001984873
5.39,-0.001969094
5.4,-0.001952968
5.41,-0.001936498
5.42,-0.001919688
5.43,-0.00190254
5.44,-0.001885059
5.45,-0.001867248
5.46,-0.00184911
5.47,-0.00183065
5.48,-0.001811871
5.49,-0.001792777
5.5,-0.001773373
5.51,-0.001753662
5.52,-0.001733649
5.53,-0.001713339
5.54,-0.001692736
5.55,-0.001671844
5.56,-0.001650668
5.57,-0.001629213
5.58,-0.001607484
5.59,-0.001585486
5.6,-0.001563224
5.61,-0.001540703
5.62,-0.001517928
5.63,-0.001494905
5.64,-0.001471639
5.65,-0.001448135
5.66,-0.001424399
5.67,-0.001400437
5.68,-0.001376253
5.69,-0.001351855
5.7,-0.001327248
5.71,-0.001302437
5.72,-0.001277428
5.73,-0.001252229
5.74,-0.001226843
5.75,-0.001201278
5.76,-0.00117554
5.77,-0.001149634
5.78,-0.001123567
5.79,-0.001097345
5.8,-0.001070974
5.81,-0.001044461
5.82,-0.001017811
5.83,-0.0009910301
5.84,-0.0009641255
5.85,-0.0009371029
5.86,-0.0009099683
5.87,-0.0008827279
5.88,-0.0008553877
5.89,-0.0008279535
5.9,-0.0008004314
5.91,-0.0007728271
5.92,-0.0007451464
5.93,-0.0007173947
5.94,-0.0006895777
5.95,-0.0006617006
5.96,-0.0006337688
5.97,-0.0006057871
5.98,-0.0005777603
5.99,-0.0005496931
6,-0.0005215898
6.01,-0.0004934543
6.02,-0.0004652905
6.03,-0.0004371017
6.04,-0.000408891
6.05,-0.0003806608
6.06,-0.0003524133
6.07,-0.0003241499
6.08,-0.0002958715
6.09,-0.0002675782
6.1,-0.0002392693
6.11,-0.0002109432
6.12,-0.0001825969
6.13,-0.000154226
6.14,-0.0001258244
6.15,-9.738384E-05
6.16,-6.889271E-05
6.17,-4.033539E-05
6.18,-1.168999E-05
6.19,1.707201E-05
6.2,4.613091E-05
6.21,7.5248E-05
6.22,0.0001042755
6.23,0.0001331185
6.24,0.0001617242
6.25,0.0001900612
6.26,0.0002181108
6.27,0.0002458618
6.28,0.0002733088
6.29,0.0003004498
6.3,0.0003272854
6.31,0.0003538185
6.32,0.0003800536
6.33,0.0004059964
6.34,0.0004316536
6.35,0.0004570329
6.36,0.0004821428
6.37,0.0005069921
6.38,0.0005315905
6.39,0.0005559478
6.4,0.0005800743
6.41,0.0006039806
6.42,0.0006276772
6.43,0.0006511751
6.44,0.0006744852
6.45,0.0006976183
6.46,0.0007205852
6.47,0.0007433966
6.48,0.0007660632
6.49,0.0007885952
6.5,0.0008110026
6.51,0.0008332954
6.52,0.0008554828
6.53,0.000877574
6.54,0.0008995776
6.55,0.0009215019
6.56,0.0009433546
6.57,0.000965143
6.58,0.000986874
6.59,0.001008554
6.6,0.001030189
6.61,0.001051783
6.62,0.001073343
6.63,0.001094871
6.64,0.001116373
6.65,0.001137851
6.66,0.001159307
6.67,0.001180745
6.68,0.001202166
6.69,0.001223571
6.7,0.001244962
6.71,0.001266338
6.72,0.001287701
6.73,0.001309048
6.74,0.001330381
6.75,0.001351697
6.76,0.001372995
6.77,0.001394273
6.78,0.00141553
6.79,0.001436762
6.8,0.001457968
6.81,0.001479143
6.82,0.001500286
6.83,0.001521392
6.84,0.001542458
6.85,0.00156348
6.86,0.001584453
6.87,0.001605374
6.88,0.001626238
6.89,0.001647041
6.9,0.001667778
6.91,0.001688444
6.92,0.001709033
6.93,0.001729542
6.94,0.001749964
6.95,0.001770295
6.96,0.00179053
6.97,0.001810662
6.98,0.001830686
6.99,0.001850597
7,0.001870389
7.01,0.001890056
7.02,0.001909594
7.03,0.001928996
7.04,0.001948256
7.05,0.001967368
7.06,0.001986328
7.07,0.002005129
7.08,0.002023765
7.09,0.002042231
7.1,0.00206052
7.11,0.002078628
7.12,0.002096548
7.13,0.002114275
7.14,0.002131802
7.15,0.002149125
7.16,0.002166237
7.17,0.002183133
7.18,0.002199808
7.19,0.002216255
7.2,0.002232469
7.21,0.002248445
7.22,0.002264178
7.23,0.002279661
7.24,0.00229489
7.25,0.002309859
7.26,0.002324563
7.27,0.002338997
7.28,0.002353156
7.29,0.002367035
7.3,0.002380627
7.31,0.00239393
7.32,0.002406937
7.33,0.002419645
7.34,0.002432047
7.35,0.00244414
7.36,0.002455919
7.37,0.00246738
7.38,0.002478517
7.39,0.002489327
7.4,0.002499805
7.41,0.002509947
7.42,0.002519749
7.43,0.002529207
7.44,0.002538317
7.45,0.002547075
7.46,0.002555476
7.47,0.002563519
7.48,0.002571197
7.49,0.00257851
7.5,0.002585452
7.51,0.00259202
7.52,0.002598212
7.53,0.002604023
7.54,0.002609452
7.55,0.002614494
7.56,0.002619148
7.57,0.00262341
7.58,0.002627277
7.59,0.002630747
7.6,0.002633818
7.61,0.002636487
7.62,0.002638752
7.63,0.002640611
7.64,0.002642061
7.65,0.002643101
7.66,0.002643729
7.67,0.002643943
7.68,0.002643741
7.69,0.002643122
7.7,0.002642085
7.71,0.002640628
7.72,0.00263875
7.73,0.002636449
7.74,0.002633726
7.75,0.002630579
7.76,0.002627007
7.77,0.002623009
7.78,0.002618586
7.79,0.002613737
7.8,0.002608461
7.81,0.002602758
7.82,0.002596628
7.83,0.002590072
7.84,0.002583089
7.85,0.00257568
7.86,0.002567844
7.87,0.002559584
7.88,0.002550899
7.89,0.002541789
7.9,0.002532257
7.91,0.002522303
7.92,0.002511927
7.93,0.002501132
7.94,0.002489918
7.95,0.002478287
7.96,0.002466241
7.97,0.002453782
7.98,0.00244091
7.99,0.002427628
8,0.002413939
8.01,0.002399843
8.02,0.002385345
8.03,0.002370445
8.04,0.002355147
8.05,0.002339452
8.06,0.002323365
8.07,0.002306887
8.08,0.002290022
8.09,0.002272773
8.1,0.002255142
8.11,0.002237134
8.12,0.002218752
8.13,0.002199998
8.14,0.002180878
8.15,0.002161394
8.16,0.002141551
8.17,0.002121352
8.18,0.002100802
8.19,0.002079904
8.2,0.002058663
8.21,0.002037084
8.22,0.00201517
8.23,0.001992927
8.24,0.001970359
8.25,0.001947471
8.26,0.001924268
8.27,0.001900754
8.28,0.001876935
8.29,0.001852816
8.3,0.001828402
8.31,0.001803699
8.32,0.001778711
8.33,0.001753445
8.34,0.001727906
8.35,0.001702099
8.36,0.001676031
8.37,0.001649706
8.38,0.001623132
8.39,0.001596313
8.4,0.001569256
8.41,0.001541967
8.42,0.001514451
8.43,0.001486716
8.44,0.001458767
8.45,0.00143061
8.46,0.001402251
8.47,0.001373698
8.48,0.001344955
8.49,0.001316031
8.5,0.00128693
8.51,0.001257659
8.52,0.001228225
8.53,0.001198633
8.54,0.001168891
8.55,0.001139005
8.56,0.00110898
8.57,0.001078823
8.58,0.001048541
8.59,0.001018139
8.6,0.0009876244
8.61,0.0009570019
8.62,0.000926278
8.63,0.0008954585
8.64,0.0008645491
8.65,0.0008335555
8.66,0.0008024831
8.67,0.0007713373
8.68,0.0007401231
8.69,0.0007088455
8.7,0.0006775092
8.71,0.0006461187
8.72,0.0006146783
8.73,0.0005831918
8.74,0.0005516628
8.75,0.0005200946
8.76,0.00048849
8.77,0.0004568514
8.78,0.0004251807
8.79,0.0003934792
8.8,0.0003617475
8.81,0.0003299857
8.82,0.0002981929
8.83,0.000266367
8.84,0.0002345053
8.85,0.0002026037
8.86,0.0001706561
8.87,0.0001386547
8.88,0.000106589
8.89,7.444511E-05
8.9,4.220448E-05
8.91,9.841952E-06
8.92,-2.26717E-05
8.93,-5.554548E-05
8.94,-8.851821E-05
8.95,-0.0001214303
8.96,-0.0001541746
8.97,-0.0001866861
8.98,-0.000218923
8.99,-0.0002508578
9,-0.0002824723
9.01,-0.0003137552
9.02,-0.0003446998
9.03,-0.000375303
9.04,-0.0004055642
9.05,-0.0004354851
9.06,-0.0004650693
9.07,-0.0004943216
9.08,-0.000523248
9.09,-0.0005518556
9.1,-0.0005801522
9.11,-0.0006081463
9.12,-0.0006358469
9.13,-0.0006632637
9.14,-0.0006904064
9.15,-0.0007172853
9.16,-0.0007439107
9.17,-0.0007702928
9.18,-0.0007964423
9.19,-0.0008223698
9.2,-0.0008480855
9.21,-0.0008736
9.22,-0.0008989233
9.23,-0.0009240654
9.24,-0.000949036
9.25,-0.0009738445
9.26,-0.0009985001
9.27,-0.001023011
9.28,-0.001047387
9.29,-0.001071634
9.3,-0.001095761
9.31,-0.001119775
9.32,-0.001143682
9.33,-0.001167489
9.34,-0.0011912
9.35,-0.001214822
9.36,-0.001238359
9.37,-0.001261815
9.38,-0.001285195
9.39,-0.0013085
9.4,-0.001331735
9.41,-0.001354902
9.42,-0.001378001
9.43,-0.001401036
9.44,-0.001424006
9.45,-0.001446913
9.46,-0.001469757
9.47,-0.001492537
9.48,-0.001515254
9.49,-0.001537905
9.5,-0.00156049
9.51,-0.001583008
9.52,-0.001605456
9.53,-0.001627832
9.54,-0.001650134
9.55,-0.001672358
9.56,-0.001694503
9.57,-0.001716565
9.58,-0.001738539
9.59,-0.001760424
9.6,-0.001782214
9.61,-0.001803906
9.62,-0.001825495
9.63,-0.001846978
9.64,-0.001868349
9.65,-0.001889604
9.66,-0.001910738
9.67,-0.001931747
9.68,-0.001952625
9.69,-0.001973367
9.7,-0.001993969
9.71,-0.002014424
9.72,-0.002034728
9.73,-0.002054874
9.74,-0.002074859
9.75,-0.002094676
9.76,-0.002114319
9.77,-0.002133784
9.78,-0.002153065
9.79,-0.002172155
9.8,-0.00219105
9.81,-0.002209744
9.82,-0.002228231
9.83,-0.002246506
9.84,-0.002264563
9.85,-0.002282396
9.86,-0.0023
9.87,-0.002317369
9.88,-0.002334499
9.89,-0.002351382
9.9,-0.002368015
9.91,-0.00238439
9.92,-0.002400504
9.93,-0.002416351
9.94,-0.002431924
9.95,-0.00244722
9.96,-0.002462233
9.97,-0.002476957
9.98,-0.002491388
9.99,-0.00250552
10,-0.002519349
10.01,-0.002532869
10.02,-0.002546076
10.03,-0.002558965
10.04,-0.002571531
10.05,-0.002583769
10.06,-0.002595675
10.07,-0.002607245
10.08,-0.002618473
10.09,-0.002629356
10.1,-0.002639889
10.11,-0.002650069
10.12,-0.00265989
10.13,-0.002669349
10.14,-0.002678442
10.15,-0.002687164
10.16,-0.002695514
10.17,-0.002703485
10.18,-0.002711076
10.19,-0.002718282
10.2,-0.0027251
10.21,-0.002731527
10.22,-0.00273756
10.23,-0.002743194
10.24,-0.002748429
10.25,-0.002753259
10.26,-0.002757683
10.27,-0.002761699
10.28,-0.002765302
10.29,-0.002768491
10.3,-0.002771264
10.31,-0.002773617
10.32,-0.00277555
10.33,-0.002777059
10.34,-0.002778143
10.35,-0.002778799
10.36,-0.002779027
10.37,-0.002778825
10.38,-0.00277819
10.39,-0.002777122
10.4,-0.002775619
10.41,-0.00277368
10.42,-0.002771304
10.43,-0.00276849
10.44,-0.002765237
10.45,-0.002761544
10.46,-0.002757411
10.47,-0.002752838
10.48,-0.002747823
10.49,-0.002742366
10.5,-0.002736468
10.51,-0.002730128
10.52,-0.002723347
10.53,-0.002716124
10.54,-0.00270846
10.55,-0.002700355
10.56,-0.00269181
10.57,-0.002682826
10.58,-0.002673403
10.59,-0.002663543
10.6,-0.002653245
10.61,-0.002642512
10.62,-0.002631345
10.63,-0.002619745
10.64,-0.002607713
10.65,-0.002595252
10.66,-0.002582362
10.67,-0.002569046
10.68,-0.002555307
10.69,-0.002541145
10.7,-0.002526563
10.71,-0.002511563
10.72,-0.002496149
10.73,-0.002480322
10.74,-0.002464085
10.75,-0.002447441
10.76,-0.002430393
10.77,-0.002412944
10.78,-0.002395097
10.79,-0.002376855
10.8,-0.002358222
10.81,-0.002339202
10.82,-0.002319797
10.83,-0.002300011
10.84,-0.002279849
10.85,-0.002259314
10.86,-0.00223841
10.87,-0.002217142
10.88,-0.002195513
10.89,-0.002173528
10.9,-0.002151192
10.91,-0.002128509
10.92,-0.002105483
10.93,-0.00208212
10.94,-0.002058424
10.95,-0.0020344
10.96,-0.002010053
10.97,-0.001985388
10.98,-0.001960411
10.99,-0.001935127
11,-0.00190954
11.01,-0.001883658
11.02,-0.001857484
11.03,-0.001831026
11.04,-0.001804287
11.05,-0.001777275
11.06,-0.001749995
11.07,-0.001722453
11.08,-0.001694654
11.09,-0.001666606
11.1,-0.001638313
11.11,-0.001609782
11.12,-0.00158102
11.13,-0.001552032
11.14,-0.001522824
11.15,-0.001493404
11.16,-0.001463777
11.17,-0.001433949
11.18,-0.001403927
11.19,-0.001373718
11.2,-0.001343327
11.21,-0.001312761
11.22,-0.001282027
11.23,-0.00125113
11.24,-0.001220077
11.25,-0.001188875
11.26,-0.001157529
11.27,-0.001126046
11.28,-0.001094433
11.29,-0.001062694
11.3,-0.001030836
11.31,-0.0009988659
11.32,-0.0009667884
11.33,-0.0009346095
11.34,-0.0009023348
11.35,-0.0008699698
11.36,-0.0008375198
11.37,-0.00080499
11.38,-0.0007723852
11.39,-0.0007397102
11.4,-0.0007069695
11.41,-0.0006741673
11.42,-0.0006413075
11.43,-0.0006083937
11.44,-0.0005754292
11.45,-0.0005424169
11.46,-0.0005093592
11.47,-0.0004762581
11.48,-0.000443115
11.49,-0.0004099308
11.5,-0.0003767055
11.51,-0.0003434385
11.52,-0.0003101284
11.53,-0.0002767725
11.54,-0.0002433672
11.55,-0.0002099072
11.56,-0.0001763857
11.57,-0.0001427932
11.58,-0.0001091184
11.59,-7.534581E-05
11.6,-4.14549E-05
11.61,-7.418148E-06
11.62,2.679274E-05
11.63,6.140204E-05
11.64,9.613225E-05
11.65,0.0001308147
11.66,0.0001653385
11.67,0.0001996344
11.68,0.0002336562
11.69,0.0002673726
11.7,0.0003007625
11.71,0.0003338116
11.72,0.000366511
11.73,0.0003988557
11.74,0.0004308437
11.75,0.0004624755
11.76,0.0004937535
11.77,0.0005246817
11.78,0.0005552655
11.79,0.0005855112
11.8,0.0006154263
11.81,0.0006450188
11.82,0.0006742975
11.83,0.0007032716
11.84,0.0007319508
11.85,0.0007603449
11.86,0.0007884642
11.87,0.000816319
11.88,0.0008439196
11.89,0.0008712766
11.9,0.0008984002
11.91,0.0009253007
11.92,0.0009519883
11.93,0.0009784728
11.94,0.001004764
11.95,0.001030871
11.96,0.001056804
11.97,0.00108257
11.98,0.001108179
11.99,0.001133637
12,0.001158954
12.01,0.001184135
12.02,0.001209189
12.03,0.00123412
12.04,0.001258934
12.05,0.001283638
12.06,0.001308235
12.07,0.001332731
12.08,0.001357129
12.09,0.001381432
12.1,0.001405643
12.11,0.001429766
12.12,0.001453801
12.13,0.001477751
12.14,0.001501617
12.15,0.0015254
12.16,0.0015491
12.17,0.001572716
12.18,0.00159625
12.19,0.001619699
12.2,0.001643063
12.21,0.001666341
12.22,0.00168953
12.23,0.001712629
12.24,0.001735636
12.25,0.001758547
12.26,0.001781361
12.27,0.001804073
12.28,0.001826682
12.29,0.001849182
12.3,0.001871571
12.31,0.001893844
12.32,0.001915998
12.33,0.001938028
12.34,0.00195993
12.35,0.001981699
12.36,0.002003331
12.37,0.00202482
12.38,0.002046163
12.39,0.002067354
12.4,0.002088387
12.41,0.002109258
12.42,0.002129962
12.43,0.002150494
12.44,0.002170847
12.45,0.002191016
12.46,0.002210997
12.47,0.002230783
12.48,0.00225037
12.49,0.002269751
12.5,0.002288921
12.51,0.002307875
12.52,0.002326606
12.53,0.00234511
12.54,0.002363381
12.55,0.002381413
12.56,0.002399201
12.57,0.00241674
12.58,0.002434023
12.59,0.002451046
12.6,0.002467802
12.61,0.002484287
12.62,0.002500495
12.63,0.002516422
12.64,0.00253206
12.65,0.002547407
12.66,0.002562455
12.67,0.002577201
12.68,0.002591638
12.69,0.002605763
12.7,0.00261957
12.71,0.002633054
12.72,0.00264621
12.73,0.002659034
12.74,0.002671521
12.75,0.002683666
12.76,0.002695465
12.77,0.002706914
12.78,0.002718007
12.79,0.002728742
12.8,0.002739112
12.81,0.002749115
12.82,0.002758746
12.83,0.002768002
12.84,0.002776878
12.85,0.00278537
12.86,0.002793476
12.87,0.002801191
12.88,0.002808511
12.89,0.002815434
12.9,0.002821956
12.91,0.002828074
12.92,0.002833784
12.93,0.002839084
12.94,0.002843971
12.95,0.002848442
12.96,0.002852494
12.97,0.002856125
12.98,0.002859331
12.99,0.002862111
13,0.002864463
13.01,0.002866384
13.02,0.002867871
13.03,0.002868924
13.04,0.00286954
13.05,0.002869718
13.06,0.002869455
13.07,0.002868751
13.08,0.002867603
13.09,0.002866011
13.1,0.002863974
13.11,0.00286149
13.12,0.002858558
13.13,0.002855177
13.14,0.002851348
13.15,0.002847068
13.16,0.002842338
13.17,0.002837158
13.18,0.002831526
13.19,0.002825444
13.2,0.00281891
13.21,0.002811926
13.22,0.00280449
13.23,0.002796605
13.24,0.002788269
13.25,0.002779484
13.26,0.00277025
13.27,0.002760569
13.28,0.00275044
13.29,0.002739866
13.3,0.002728847
13.31,0.002717384
13.32,0.00270548
13.33,0.002693136
13.34,0.002680352
13.35,0.002667132
13.36,0.002653477
13.37,0.002639389
13.38,0.00262487
13.39,0.002609922
13.4,0.002594548
13.41,0.002578751
13.42,0.002562532
13.43,0.002545895
13.44,0.002528843
13.45,0.002511378
13.46,0.002493504
13.47,0.002475223
13.48,0.00245654
13.49,0.002437457
13.5,0.002417978
13.51,0.002398107
13.52,0.002377848
13.53,0.002357203
13.54,0.002336178
13.55,0.002314777
13.56,0.002293003
13.57,0.002270861
13.58,0.002248355
13.59,0.002225489
13.6,0.00220227
13.61,0.0021787
13.62,0.002154785
13.63,0.00213053
13.64,0.00210594
13.65,0.002081019
13.66,0.002055774
13.67,0.002030209
13.68,0.002004329
13.69,0.00197814
13.7,0.001951648
13.71,0.001924858
13.72,0.001897776
13.73,0.001870407
13.74,0.001842758
13.75,0.001814833
13.76,0.00178664
13.77,0.001758184
13.78,0.001729471
13.79,0.001700507
13.8,0.001671299
13.81,0.001641852
13.82,0.001612174
13.83,0.001582269
13.84,0.001552145
13.85,0.001521808
13.86,0.001491263
13.87,0.001460519
13.88,0.00142958
13.89,0.001398454
13.9,0.001367147
13.91,0.001335664
13.92,0.001304014
13.93,0.001272201
13.94,0.001240232
13.95,0.001208114
13.96,0.001175852
13.97,0.001143454
13.98,0.001110925
13.99,0.00107827
14,0.001045497
14.01,0.001012611
14.02,0.0009796173
14.03,0.000946522
14.04,0.0009133304
14.05,0.0008800479
14.06,0.0008466797
14.07,0.0008132306
14.08,0.0007797054
14.09,0.0007461087
14.1,0.0007124447
14.11,0.0006787173
14.12,0.0006449303
14.13,0.0006110868
14.14,0.0005771899
14.15,0.000543242
14.16,0.0005092452
14.17,0.000475201
14.18,0.0004411103
14.19,0.0004069734
14.2,0.0003727899
14.21,0.0003385584
14.22,0.0003042766
14.23,0.0002699412
14.24,0.0002355474
14.25,0.0002010888
14.26,0.0001665573
14.27,0.000131942
14.28,9.722826E-05
14.29,6.239915E-05
14.3,2.743022E-05
14.31,-7.710225E-06
14.32,-4.315361E-05
14.33,-7.888607E-05
14.34,-0.0001146896
14.35,-0.0001504049
14.36,-0.0001859363
14.37,-0.0002212219
14.38,-0.0002562195
14.39,-0.0002909001
14.4,-0.0003252436
14.41,-0.0003592365
14.42,-0.00039287
14.43,-0.0004261394
14.44,-0.0004590427
14.45,-0.0004915804
14.46,-0.0005237548
14.47,-0.0005555699
14.48,-0.0005870311
14.49,-0.0006181447
14.5,-0.0006489181
14.51,-0.0006793592
14.52,-0.0007094769
14.53,-0.0007392803
14.54,-0.000768779
14.55,-0.0007979828
14.56,-0.0008269019
14.57,-0.0008555466
14.58,-0.0008839272
14.59,-0.000912054
14.6,-0.0009399373
14.61,-0.0009675872
14.62,-0.0009950138
14.63,-0.001022227
14.64,-0.001049236
14.65,-0.00107605
14.66,-0.001102679
14.67,-0.001129131
14.68,-0.001155413
14.69,-0.001181535
14.7,-0.001207503
14.71,-0.001233324
14.72,-0.001259006
14.73,-0.001284553
14.74,-0.001309972
14.75,-0.001335268
14.76,-0.001360446
14.77,-0.00138551
14.78,-0.001410463
14.79,-0.001435309
14.8,-0.001460052
14.81,-0.001484692
14.82,-0.001509233
14.83,-0.001533676
14.84,-0.001558022
14.85,-0.001582272
14.86,-0.001606426
14.87,-0.001630484
14.88,-0.001654445
14.89,-0.00167831
14.9,-0.001702077
14.91,-0.001725744
14.92,-0.00174931
14.93,-0.001772772
14.94,-0.001796129
14.95,-0.001819378
14.96,-0.001842516
14.97,-0.00186554
14.98,-0.001888447
14.99,-0.001911232
15,-0.001933894
15.01,-0.001956427
15.02,-0.001978827
15.03,-0.002001091
15.04,-0.002023214
15.05,-0.002045192
15.06,-0.002067019
15.07,-0.002088692
15.08,-0.002110205
15.09,-0.002131553
15.1,-0.002152731
15.11,-0.002173735
15.12,-0.002194558
15.13,-0.002215197
15.14,-0.002235645
15.15,-0.002255897
15.16,-0.002275947
15.17,-0.002295791
15.18,-0.002315423
15.19,-0.002334837
15.2,-0.002354028
15.21,-0.00237299
15.22,-0.002391718
15.23,-0.002410206
15.24,-0.00242845
15.25,-0.002446442
15.26,-0.002464179
15.27,-0.002481654
15.28,-0.002498862
15.29,-0.002515797
15.3,-0.002532455
15.31,-0.00254883
15.32,-0.002564917
15.33,-0.002580709
15.34,-0.002596203
15.35,-0.002611394
15.36,-0.002626274
15.37,-0.002640841
15.38,-0.002655089
15.39,-0.002669013
15.4,-0.002682607
15.41,-0.002695868
15.42,-0.002708791
15.43,-0.00272137
15.44,-0.002733602
15.45,-0.002745481
15.46,-0.002757004
15.47,-0.002768165
15.48,-0.002778961
15.49,-0.002789388
15.5,-0.00279944
15.51,-0.002809115
15.52,-0.002818409
15.53,-0.002827316
15.54,-0.002835834
15.55,-0.002843959
15.56,-0.002851688
15.57,-0.002859016
15.58,-0.002865941
15.59,-0.002872458
15.6,-0.002878566
15.61,-0.00288426
15.62,-0.002889538
15.63,-0.002894397
15.64,-0.002898834
15.65,-0.002902846
15.66,-0.002906431
15.67,-0.002909586
15.68,-0.002912309
15.69,-0.002914597
15.7,-0.002916449
15.71,-0.002917862
15.72,-0.002918835
15.73,-0.002919365
15.74,-0.00291945
15.75,-0.00291909
15.76,-0.002918283
15.77,-0.002917026
15.78,-0.00291532
15.79,-0.002913162
15.8,-0.002910552
15.81,-0.00290749
15.82,-0.002903973
15.83,-0.002900001
15.84,-0.002895574
15.85,-0.002890691
15.86,-0.002885353
15.87,-0.002879558
15.88,-0.002873306
15.89,-0.002866599
15.9,-0.002859435
15.91,-0.002851815
15.92,-0.002843739
15.93,-0.002835209
15.94,-0.002826224
15.95,-0.002816785
15.96,-0.002806894
15.97,-0.00279655
15.98,-0.002785756
15.99,-0.002774512
16,-0.00276282
16.01,-0.002750682
16.02,-0.002738098
16.03,-0.00272507
16.04,-0.002711602
16.05,-0.002697693
16.06,-0.002683347
16.07,-0.002668566
16.08,-0.002653351
16.09,-0.002637706
16.1,-0.002621633
16.11,-0.002605134
16.12,-0.002588212
16.13,-0.002570871
16.14,-0.002553113
16.15,-0.002534942
16.16,-0.00251636
16.17,-0.002497371
16.18,-0.002477979
16.19,-0.002458186
16.2,-0.002437998
16.21,-0.002417417
16.22,-0.002396447
16.23,-0.002375093
16.24,-0.002353358
16.25,-0.002331247
16.26,-0.002308765
16.27,-0.002285915
16.28,-0.002262702
16.29,-0.002239131
16.3,-0.002215207
16.31,-0.002190933
16.32,-0.002166317
16.33,-0.002141361
16.34,-0.002116072
16.35,-0.002090455
16.36,-0.002064515
16.37,-0.002038257
16.38,-0.002011687
16.39,-0.00198481
16.4,-0.001957632
16.41,-0.001930159
16.42,-0.001902397
16.43,-0.00187435
16.44,-0.001846026
16.45,-0.00181743
16.46,-0.001788568
16.47,-0.001759447
16.48,-0.001730071
16.49,-0.001700449
16.5,-0.001670585
16.51,-0.001640486
16.52,-0.001610159
16.53,-0.001579609
16.54,-0.001548844
16.55,-0.001517869
16.56,-0.001486691
16.57,-0.001455316
16.58,-0.00142375
16.59,-0.001392001
16.6,-0.001360075
16.61,-0.001327977
16.62,-0.001295714
16.63,-0.001263293
16.64,-0.00123072
16.65,-0.001198001
16.66,-0.001165142
16.67,-0.00113215
16.68,-0.00109903
16.69,-0.001065788
16.7,-0.00103243
16.71,-0.0009989628
16.72,-0.0009653906
16.73,-0.0009317195
16.74,-0.0008979545
16.75,-0.0008641009
16.76,-0.0008301636
16.77,-0.0007961472
16.78,-0.0007620563
16.79,-0.000727895
16.8,-0.0006936672
16.81,-0.0006593766
16.82,-0.0006250264
16.83,-0.0005906195
16.84,-0.0005561583
16.85,-0.0005216447
16.86,-0.0004870803
16.87,-0.0004524659
16.88,-0.0004178016
16.89,-0.000383087
16.9,-0.0003483207
16.91,-0.0003135003
16.92,-0.0002786224
16.93,-0.000243682
16.94,-0.000208673
16.95,-0.0001735869
16.96,-0.000138413
16.97,-0.0001031372
16.98,-6.774155E-05
16.99,-3.220286E-05
17,3.510292E-06
