0.01,-0.1292333
0.02,-0.005898493
0.03,-0.008657217
0.04,-0.009803265
0.05,-0.01012404
0.06,-0.01011655
0.07,-0.0100771
0.08,-0.01016371
0.09,-0.01045294
0.1,-0.01097166
0.11,-0.01163944
0.12,-0.01227667
0.13,-0.01274419
0.14,-0.01302156
0.15,-0.01314876
0.16,-0.01317107
0.17,-0.01312642
0.18,-0.01304182
0.19,-0.01293381
0.2,-0.01281253
0.21,-0.01268439
0.22,-0.01255312
0.23,-0.01242088
0.24,-0.01228908
0.25,-0.01215858
0.26,-0.01202984
0.27,-0.01190313
0.28,-0.01177861
0.29,-0.01165635
0.3,-0.01153633
0.31,-0.01141852
0.32,-0.01130285
0.33,-0.01118925
0.34,-0.01107762
0.35,-0.01096788
0.36,-0.01085992
0.37,-0.01075367
0.38,-0.01064901
0.39,-0.01054587
0.4,-0.01044415
0.41,-0.01034378
0.42,-0.01024467
0.43,-0.01014675
0.44,-0.01004995
0.45,-0.009954201
0.46,-0.009859441
0.47,-0.009765611
0.48,-0.009672655
0.49,-0.009580521
0.5,-0.00948916
0.51,-0.009398526
0.52,-0.009308576
0.53,-0.009219269
0.54,-0.009130567
0.55,-0.009042436
0.56,-0.008954842
0.57,-0.008867754
0.58,-0.008781144
0.59,-0.008694985
0.6,-0.008609253
0.61,-0.008523924
0.62,-0.008438976
0.63,-0.008354391
0.64,-0.008270149
0.65,-0.008186236
0.66,-0.008102631
0.67,-0.008019321
0.68,-0.007936294
0.69,-0.007853537
0.7,-0.007771041
0.71,-0.007688794
0.72,-0.007606788
0.73,-0.007525014
0.74,-0.007443464
0.75,-0.007362133
0.76,-0.007281013
0.77,-0.007200101
0.78,-0.00711939
0.79,-0.007038878
0.8,-0.00695856
0.81,-0.006878434
0.82,-0.006798499
0.83,-0.006718752
0.84,-0.006639192
0.85,-0.006559818
0.86,-0.006480631
0.87,-0.006401631
0.88,-0.006322819
0.89,-0.006244196
0.9,-0.006165763
0.91,-0.006087523
0.92,-0.006009477
0.93,-0.005931629
0.94,-0.005853981
0.95,-0.005776536
0.96,-0.005699298
0.97,-0.005622271
0.98,-0.005545459
0.99,-0.005468865
1,-0.005392494
1.01,-0.005316352
1.02,-0.005240442
1.03,-0.00516477
1.04,-0.005089341
1.05,-0.00501416
1.06,-0.004939234
1.07,-0.004864567
1.08,-0.004790166
1.09,-0.004716041
1.1,-0.00464219
1.11,-0.004568624
1.12,-0.004495349
1.13,-0.004422371
1.14,-0.004349698
1.15,-0.004277337
1.16,-0.004205294
1.17,-0.004133577
1.18,-0.004062193
1.19,-0.003991149
1.2,-0.003920454
1.21,-0.003850113
1.22,-0.003780135
1.23,-0.003710528
1.24,-0.003641299
1.25,-0.003572456
1.26,-0.003504007
1.27,-0.00343596
1.28,-0.003368323
1.29,-0.003301104
1.3,-0.003234312
1.31,-0.003167955
1.32,-0.003102041
1.33,-0.003036577
1.34,-0.002971574
1.35,-0.002907037
1.36,-0.002842978
1.37,-0.002779403
1.38,-0.002716321
1.39,-0.00265374
1.4,-0.00259167
1.41,-0.002530119
1.42,-0.002469095
1.43,-0.002408607
1.44,-0.002348663
1.45,-0.002289272
1.46,-0.002230442
1.47,-0.002172183
1.48,-0.002114502
1.49,-0.002057408
1.5,-0.002000909
1.51,-0.001945015
1.52,-0.001889733
1.53,-0.001835072
1.54,-0.00178104
1.55,-0.001727646
1.56,-0.001674898
1.57,-0.001622805
1.58,-0.001571374
1.59,-0.001520613
1.6,-0.001470531
1.61,-0.001421136
1.62,-0.001372435
1.63,-0.001324436
1.64,-0.001277147
1.65,-0.001230576
1.66,-0.001184729
1.67,-0.001139613
1.68,-0.001095237
1.69,-0.001051605
1.7,-0.001008726
1.71,-0.0009666054
1.72,-0.0009252489
1.73,-0.0008846623
1.74,-0.0008448512
1.75,-0.0008058204
1.76,-0.0007675746
1.77,-0.0007301178
1.78,-0.0006934538
1.79,-0.0006575855
1.8,-0.0006225155
1.81,-0.0005882454
1.82,-0.0005547764
1.83,-0.0005221087
1.84,-0.0004902416
1.85,-0.0004591735
1.86,-0.0004289016
1.87,-0.0003994222
1.88,-0.00037073
1.89,-0.0003428184
1.9,-0.0003156794
1.91,-0.0002893032
1.92,-0.0002636784
1.93,-0.0002387914
1.94,-0.0002146267
1.95,-0.0001911665
1.96,-0.0001683906
1.97,-0.0001462764
1.98,-0.0001247984
1.99,-0.0001039283
2,-8.363477E-05
2.01,-6.444174E-05
2.02,-4.5679E-05
2.03,-2.680998E-05
2.04,-7.842777E-06
2.05,1.121549E-05
2.06,3.035851E-05
2.07,4.958063E-05
2.08,6.887676E-05
2.09,8.824227E-05
2.1,0.0001076729
2.11,0.0001271647
2.12,0.0001466023
2.13,0.0001660418
2.14,0.0001855158
2.15,0.000205036
2.16,0.0002246079
2.17,0.0002442335
2.18,0.0002639119
2.19,0.000283641
2.2,0.0003034173
2.21,0.0003232369
2.22,0.0003430953
2.23,0.0003629879
2.24,0.0003829099
2.25,0.0004028567
2.26,0.0004228235
2.27,0.0004428058
2.28,0.0004627992
2.29,0.0004827992
2.3,0.0005028018
2.31,0.0005228029
2.32,0.0005427986
2.33,0.0005627854
2.34,0.0005827598
2.35,0.000602718
2.36,0.000622657
2.37,0.0006425738
2.38,0.0006624656
2.39,0.00068233
2.4,0.0007021647
2.41,0.0007219677
2.42,0.000741737
2.43,0.0007614708
2.44,0.0007811676
2.45,0.0008008258
2.46,0.0008204441
2.47,0.0008400216
2.48,0.0008595571
2.49,0.0008790501
2.5,0.0008985
2.51,0.0009179063
2.52,0.000937269
2.53,0.0009565887
2.54,0.0009758665
2.55,0.0009951047
2.56,0.001014306
2.57,0.001033475
2.58,0.001052616
2.59,0.001071737
2.6,0.001090844
2.61,0.001109949
2.62,0.001129062
2.63,0.00114818
2.64,0.001622908
2.65,0.001995377
2.66,0.002263246
2.67,0.002451792
2.68,0.002583743
2.69,0.002677176
2.7,0.002745403
2.71,0.002797775
2.72,0.002840666
2.73,0.002878347
2.74,0.002913653
2.75,0.002948467
2.76,0.002984046
2.77,0.003021245
2.78,0.003060667
2.79,0.003102665
2.8,0.003147074
2.81,0.0031936
2.82,0.003242002
2.83,0.003292081
2.84,0.003343663
2.85,0.003396591
2.86,0.003450727
2.87,0.003505945
2.88,0.003562137
2.89,0.003619204
2.9,0.00367706
2.91,0.003735627
2.92,0.003794835
2.93,0.003854623
2.94,0.003914937
2.95,0.00397573
2.96,0.004036959
2.97,0.004098588
2.98,0.004160583
2.99,0.004222916
3,0.00428556
3.01,0.004348494
3.02,0.004411696
3.03,0.004475147
3.04,0.00453883
3.05,0.004602728
3.06,0.004666828
3.07,0.004731114
3.08,0.004795573
3.09,0.004860191
3.1,0.004924956
3.11,0.004989854
3.12,0.005054874
3.13,0.005120003
3.14,0.00518523
3.15,0.005250544
3.16,0.005315932
3.17,0.005381384
3.18,0.005446887
3.19,0.005512432
3.2,0.005578006
3.21,0.005643598
3.22,0.005709198
3.23,0.005774796
3.24,0.005840379
3.25,0.005905938
3.26,0.005971461
3.27,0.006036939
3.28,0.006102361
3.29,0.006167716
3.3,0.006232995
3.31,0.006298186
3.32,0.00636328
3.33,0.006428267
3.34,0.006493136
3.35,0.006557878
3.36,0.006622483
3.37,0.00668694
3.38,0.00675124
3.39,0.006815373
3.4,0.00687933
3.41,0.006943101
3.42,0.007006677
3.43,0.007070047
3.44,0.007133202
3.45,0.007196133
3.46,0.007258831
3.47,0.007321286
3.48,0.00738349
3.49,0.007445432
3.5,0.007507104
3.51,0.007568497
3.52,0.007629601
3.53,0.007690409
3.54,0.00775091
3.55,0.007811096
3.56,0.007870959
3.57,0.007930489
3.58,0.007989678
3.59,0.008048518
3.6,0.008106999
3.61,0.008165114
3.62,0.008222854
3.63,0.00828021
3.64,0.008337175
3.65,0.00839374
3.66,0.008449897
3.67,0.008505638
3.68,0.008560954
3.69,0.008615839
3.7,0.008670283
3.71,0.00872428
3.72,0.008777821
3.73,0.008830898
3.74,0.008883505
3.75,0.008935634
3.76,0.008987276
3.77,0.009038426
3.78,0.009089074
3.79,0.009139215
3.8,0.00918884
3.81,0.009237944
3.82,0.009286518
3.83,0.009334556
3.84,0.00938205
3.85,0.009428995
3.86,0.009475383
3.87,0.009521208
3.88,0.009566463
3.89,0.009611142
3.9,0.009655238
3.91,0.009698745
3.92,0.009741656
3.93,0.009783966
3.94,0.009825669
3.95,0.009866757
3.96,0.009907227
3.97,0.009947071
3.98,0.009986283
3.99,0.01002486
4,0.01006279
4.01,0.01010008
4.02,0.01013671
4.03,0.01017269
4.04,0.010208
4.05,0.01024264
4.06,0.01027661
4.07,0.0103099
4.08,0.0103425
4.09,0.01037442
4.1,0.01040565
4.11,0.01043617
4.12,0.010466
4.13,0.01049512
4.14,0.01052352
4.15,0.01055122
4.16,0.01057819
4.17,0.01060444
4.18,0.01062997
4.19,0.01065476
4.2,0.01067882
4.21,0.01070215
4.22,0.01072473
4.23,0.01074656
4.24,0.01076765
4.25,0.01078799
4.26,0.01080757
4.27,0.0108264
4.28,0.01084447
4.29,0.01086177
4.3,0.01087831
4.31,0.01089408
4.32,0.01090908
4.33,0.01092331
4.34,0.01093676
4.35,0.01094943
4.36,0.01096133
4.37,0.01097244
4.38,0.01098277
4.39,0.01099232
4.4,0.01100108
4.41,0.01100905
4.42,0.01101624
4.43,0.01102263
4.44,0.01102823
4.45,0.01103304
4.46,0.01103705
4.47,0.01104027
4.48,0.0110427
4.49,0.01104433
4.5,0.01104516
4.51,0.01104519
4.52,0.01104443
4.53,0.01104287
4.54,0.01104051
4.55,0.01103736
4.56,0.0110334
4.57,0.01102865
4.58,0.01102311
4.59,0.01101676
4.6,0.01100962
4.61,0.01100169
4.62,0.01099296
4.63,0.01098344
4.64,0.01097312
4.65,0.01096201
4.66,0.01095012
4.67,0.01093743
4.68,0.01092396
4.69,0.0109097
4.7,0.01089465
4.71,0.01087882
4.72,0.01086222
4.73,0.01084483
4.74,0.01082667
4.75,0.01080773
4.76,0.01078802
4.77,0.01076754
4.78,0.01074629
4.79,0.01072428
4.8,0.01070151
4.81,0.01067798
4.82,0.01065369
4.83,0.01062864
4.84,0.01060285
4.85,0.01057631
4.86,0.01054903
4.87,0.01052101
4.88,0.01049225
4.89,0.01046276
4.9,0.01043254
4.91,0.01040159
4.92,0.01036993
4.93,0.01033754
4.94,0.01030445
4.95,0.01027064
4.96,0.01023613
4.97,0.01020093
4.98,0.01016502
4.99,0.01012843
5,0.01009115
5.01,0.01005319
5.02,0.01001456
5.03,0.009975252
5.04,0.009935281
5.05,0.009894651
5.06,0.009853367
5.07,0.009811434
5.08,0.009768857
5.09,0.009725643
5.1,0.009681797
5.11,0.009637325
5.12,0.009592233
5.13,0.009546527
5.14,0.009500213
5.15,0.009453298
5.16,0.009405788
5.17,0.00935769
5.18,0.009309009
5.19,0.009259753
5.2,0.009209927
5.21,0.00915954
5.22,0.009108598
5.23,0.009057108
5.24,0.009005077
5.25,0.008952511
5.26,0.008899419
5.27,0.008845808
5.28,0.008791685
5.29,0.008737057
5.3,0.008681932
5.31,0.008626318
5.32,0.008570223
5.33,0.008513653
5.34,0.008456618
5.35,0.008399124
5.36,0.008341181
5.37,0.008282796
5.38,0.008223977
5.39,0.008164733
5.4,0.008105072
5.41,0.008045002
5.42,0.007984532
5.43,0.00792367
5.44,0.007862426
5.45,0.007800806
5.46,0.007738821
5.47,0.00767648
5.48,0.00761379
5.49,0.007550761
5.5,0.007487403
5.51,0.007423723
5.52,0.007359731
5.53,0.007295437
5.54,0.00723085
5.55,0.007165978
5.56,0.007100831
5.57,0.007035419
5.58,0.006969752
5.59,0.006903837
5.6,0.006837687
5.61,0.006771308
5.62,0.006704713
5.63,0.006637909
5.64,0.006570908
5.65,0.006503718
5.66,0.00643635
5.67,0.006368814
5.68,0.006301119
5.69,0.006233276
5.7,0.006165294
5.71,0.006097184
5.72,0.006028955
5.73,0.005960619
5.74,0.005892184
5.75,0.005823662
5.76,0.005755063
5.77,0.005686396
5.78,0.005617672
5.79,0.005548902
5.8,0.005480096
5.81,0.005411264
5.82,0.005342417
5.83,0.005273565
5.84,0.005204719
5.85,0.005135889
5.86,0.005067085
5.87,0.004998319
5.88,0.004929601
5.89,0.004860941
5.9,0.00479235
5.91,0.004723839
5.92,0.004655418
5.93,0.004587098
5.94,0.004518889
5.95,0.004450803
5.96,0.004382849
5.97,0.004315039
5.98,0.004247384
5.99,0.004179893
6,0.004112578
6.01,0.004045449
6.02,0.003978517
6.03,0.003911793
6.04,0.003845287
6.05,0.003779011
6.06,0.003712974
6.07,0.003647188
6.08,0.003581663
6.09,0.003516409
6.1,0.003451438
6.11,0.003386761
6.12,0.003322387
6.13,0.003258327
6.14,0.003194592
6.15,0.003131193
6.16,0.00306814
6.17,0.003005444
6.18,0.002943115
6.19,0.002881163
6.2,0.0028196
6.21,0.002758435
6.22,0.002697679
6.23,0.002637343
6.24,0.002577436
6.25,0.00251797
6.26,0.002458953
6.27,0.002400398
6.28,0.002342313
6.29,0.002284709
6.3,0.002227596
6.31,0.002170984
6.32,0.002114883
6.33,0.002059303
6.34,0.002004254
6.35,0.001949746
6.36,0.001895789
6.37,0.001842392
6.38,0.001789564
6.39,0.001737316
6.4,0.001685657
6.41,0.001634596
6.42,0.001584142
6.43,0.001534305
6.44,0.001485093
6.45,0.001436516
6.46,0.001388582
6.47,0.0013413
6.48,0.001294678
6.49,0.001248725
6.5,0.001203449
6.51,0.001158858
6.52,0.001114959
6.53,0.00107176
6.54,0.001029268
6.55,0.00098749
6.56,0.0009464329
6.57,0.0009061029
6.58,0.0008665058
6.59,0.0008276473
6.6,0.0007895325
6.61,0.000752166
6.62,0.0007155521
6.63,0.0006796941
6.64,0.0006445952
6.65,0.0006102576
6.66,0.0005766829
6.67,0.0005438718
6.68,0.0005118241
6.69,0.0004805389
6.7,0.0004500139
6.71,0.0004202459
6.72,0.0003912305
6.73,0.0003629618
6.74,0.0003354325
6.75,0.0003086338
6.76,0.0002825552
6.77,0.0002571843
6.78,0.0002325066
6.79,0.0002085063
6.8,0.0001851649
6.81,0.0001624616
6.82,0.0001403729
6.83,0.0001188731
6.84,9.793327E-05
6.85,7.752202E-05
6.86,5.760484E-05
6.87,3.814419E-05
6.88,1.928435E-05
6.89,4.332191E-07
6.9,-1.851419E-05
6.91,-3.755137E-05
6.92,-5.667251E-05
6.93,-7.587242E-05
6.94,-9.514636E-05
6.95,-0.00011449
6.96,-0.0001338993
6.97,-0.0001533705
6.98,-0.0001729
6.99,-0.0001924844
7,-0.0002121204
7.01,-0.0002318046
7.02,-0.0002515337
7.03,-0.0002713047
7.04,-0.0002911142
7.05,-0.000310959
7.06,-0.0003308356
7.07,-0.0003507408
7.08,-0.0003706711
7.09,-0.000390623
7.1,-0.0004120138
7.11,-0.0004389007
7.12,-0.0004669597
7.13,-0.0004962329
7.14,-0.000526754
7.15,-0.000558547
7.16,-0.0005916267
7.17,-0.0006259859
7.18,-0.0006616082
7.19,-0.000698497
7.2,-0.0007366449
7.21,-0.0007760246
7.22,-0.0008165932
7.23,-0.0008582966
7.24,-0.0009010721
7.25,-0.0009448506
7.26,-0.0009895589
7.27,-0.001035121
7.28,-0.00108146
7.29,-0.001128498
7.3,-0.001176159
7.31,-0.001224368
7.32,-0.00127305
7.33,-0.001322137
7.34,-0.00137157
7.35,-0.001421297
7.36,-0.00147127
7.37,-0.00152145
7.38,-0.0015718
7.39,-0.001622288
7.4,-0.001672886
7.41,-0.001723577
7.42,-0.001774343
7.43,-0.001825174
7.44,-0.001876066
7.45,-0.001927021
7.46,-0.001978049
7.47,-0.002029167
7.48,-0.002080402
7.49,-0.002131786
7.5,-0.002183365
7.51,-0.002235189
7.52,-0.002287321
7.53,-0.002339831
7.54,-0.002392801
7.55,-0.00244632
7.56,-0.002500486
7.57,-0.002555408
7.58,-0.002611149
7.59,-0.002667566
7.6,-0.002724511
7.61,-0.002781895
7.62,-0.002839669
7.63,-0.002897804
7.64,-0.002956285
7.65,-0.003015101
7.66,-0.003074246
7.67,-0.00313372
7.68,-0.003193523
7.69,-0.003253655
7.7,-0.003314116
7.71,-0.003374905
7.72,-0.00343602
7.73,-0.003497457
7.74,-0.003559212
7.75,-0.00362128
7.76,-0.003683653
7.77,-0.003746324
7.78,-0.003809284
7.79,-0.003872523
7.8,-0.003936031
7.81,-0.003999798
7.82,-0.004063812
7.83,-0.004128063
7.84,-0.004192539
7.85,-0.004257229
7.86,-0.004322121
7.87,-0.004387203
7.88,-0.004452463
7.89,-0.004517891
7.9,-0.004583475
7.91,-0.004649203
7.92,-0.004715064
7.93,-0.004781047
7.94,-0.004847141
7.95,-0.004913335
7.96,-0.004979618
7.97,-0.005045979
7.98,-0.005112408
7.99,-0.005178894
8,-0.005245427
8.01,-0.005311997
8.02,-0.005378592
8.03,-0.005445204
8.04,-0.005511821
8.05,-0.005578433
8.06,-0.005645031
8.07,-0.005711605
8.08,-0.005778145
8.09,-0.00584464
8.1,-0.005911081
8.11,-0.005977459
8.12,-0.006043763
8.13,-0.006109984
8.14,-0.006176112
8.15,-0.006242138
8.16,-0.006308051
8.17,-0.006373844
8.18,-0.006439505
8.19,-0.006505026
8.2,-0.006570397
8.21,-0.006635609
8.22,-0.006700653
8.23,-0.006765519
8.24,-0.006830197
8.25,-0.00689468
8.26,-0.006958957
8.27,-0.00702302
8.28,-0.007086859
8.29,-0.007150466
8.3,-0.00721383
8.31,-0.007276944
8.32,-0.007339799
8.33,-0.007402385
8.34,-0.007464694
8.35,-0.007526717
8.36,-0.007588445
8.37,-0.00764987
8.38,-0.007710982
8.39,-0.007771774
8.4,-0.007832236
8.41,-0.007892361
8.42,-0.007952139
8.43,-0.008011563
8.44,-0.008070624
8.45,-0.008129313
8.46,-0.008187623
8.47,-0.008245545
8.48,-0.008303071
8.49,-0.008360193
8.5,-0.008416903
8.51,-0.008473194
8.52,-0.008529056
8.53,-0.008584483
8.54,-0.008639466
8.55,-0.008693998
8.56,-0.008748072
8.57,-0.008801679
8.58,-0.008854812
8.59,-0.008907463
8.6,-0.008959626
8.61,-0.009011293
8.62,-0.009062456
8.63,-0.009113109
8.64,-0.009163244
8.65,-0.009212854
8.66,-0.009261933
8.67,-0.009310473
8.68,-0.009358468
8.69,-0.00940591
8.7,-0.009452794
8.71,-0.009499112
8.72,-0.009544858
8.73,-0.009590025
8.74,-0.009634608
8.75,-0.0096786
8.76,-0.009721994
8.77,-0.009764785
8.78,-0.009806967
8.79,-0.009848533
8.8,-0.009889478
8.81,-0.009929795
8.82,-0.00996948
8.83,-0.01000853
8.84,-0.01004693
8.85,-0.01008468
8.86,-0.01012178
8.87,-0.01015822
8.88,-0.01019399
8.89,-0.01022909
8.9,-0.01026352
8.91,-0.01029726
8.92,-0.01033032
8.93,-0.0103627
8.94,-0.01039437
8.95,-0.01042535
8.96,-0.01045562
8.97,-0.01048519
8.98,-0.01051404
8.99,-0.01054218
9,-0.0105696
9.01,-0.01059629
9.02,-0.01062225
9.03,-0.01064749
9.04,-0.01067198
9.05,-0.01069574
9.06,-0.01071875
9.07,-0.01074102
9.08,-0.01076254
9.09,-0.01078331
9.1,-0.01080332
9.11,-0.01082257
9.12,-0.01084106
9.13,-0.01085878
9.14,-0.01087574
9.15,-0.01089193
9.16,-0.01090735
9.17,-0.01092199
9.18,-0.01093585
9.19,-0.01094894
9.2,-0.01096125
9.21,-0.01097277
9.22,-0.01098351
9.23,-0.01099346
9.24,-0.01100262
9.25,-0.011011
9.26,-0.01101858
9.27,-0.01102537
9.28,-0.01103137
9.29,-0.01103657
9.3,-0.01104098
9.31,-0.01104459
9.32,-0.0110474
9.33,-0.01104942
9.34,-0.01105064
9.35,-0.01105106
9.36,-0.01105068
9.37,-0.0110495
9.38,-0.01104752
9.39,-0.01104474
9.4,-0.01104116
9.41,-0.01103678
9.42,-0.0110316
9.43,-0.01102563
9.44,-0.01101885
9.45,-0.01101128
9.46,-0.01100292
9.47,-0.01099375
9.48,-0.0109838
9.49,-0.01097305
9.5,-0.0109615
9.51,-0.01094917
9.52,-0.01093604
9.53,-0.01092213
9.54,-0.01090743
9.55,-0.01089195
9.56,-0.01087568
9.57,-0.01085863
9.58,-0.0108408
9.59,-0.0108222
9.6,-0.01080282
9.61,-0.01078267
9.62,-0.01076175
9.63,-0.01074006
9.64,-0.01071761
9.65,-0.0106944
9.66,-0.01067042
9.67,-0.0106457
9.68,-0.01062022
9.69,-0.01059399
9.7,-0.01056701
9.71,-0.0105393
9.72,-0.01051084
9.73,-0.01048165
9.74,-0.01045173
9.75,-0.01042108
9.76,-0.0103897
9.77,-0.01035761
9.78,-0.0103248
9.79,-0.01029128
9.8,-0.01025706
9.81,-0.01022213
9.82,-0.0101865
9.83,-0.01015018
9.84,-0.01011318
9.85,-0.01007549
9.86,-0.01003712
9.87,-0.009998082
9.88,-0.009958373
9.89,-0.009918003
9.9,-0.009876975
9.91,-0.009835296
9.92,-0.009792971
9.93,-0.009750005
9.94,-0.009706405
9.95,-0.009662176
9.96,-0.009617324
9.97,-0.009571855
9.98,-0.009525776
9.99,-0.009479093
10,-0.009431812
10.01,-0.009383939
10.02,-0.009335482
10.03,-0.009286446
10.04,-0.009236838
10.05,-0.009186665
10.06,-0.009135934
10.07,-0.009084653
10.08,-0.009032827
10.09,-0.008980464
10.1,-0.008927572
10.11,-0.008874157
10.12,-0.008820227
10.13,-0.00876579
10.14,-0.008710852
10.15,-0.008655422
10.16,-0.008599508
10.17,-0.008543117
10.18,-0.008486256
10.19,-0.008428935
10.2,-0.00837116
10.21,-0.008312941
10.22,-0.008254285
10.23,-0.0081952
10.24,-0.008135695
10.25,-0.008075778
10.26,-0.008015458
10.27,-0.007954742
10.28,-0.007893641
10.29,-0.007832162
10.3,-0.007770313
10.31,-0.007708105
10.32,-0.007645546
10.33,-0.007582644
10.34,-0.007519409
10.35,-0.00745585
10.36,-0.007391975
10.37,-0.007327794
10.38,-0.007263317
10.39,-0.007198552
10.4,-0.007133509
10.41,-0.007068197
10.42,-0.007002626
10.43,-0.006936805
10.44,-0.006870744
10.45,-0.006804453
10.46,-0.00673794
10.47,-0.006671216
10.48,-0.00660429
10.49,-0.006537173
10.5,-0.006469874
10.51,-0.006402403
10.52,-0.00633477
10.53,-0.006266985
10.54,-0.006199058
10.55,-0.006130999
10.56,-0.006062819
10.57,-0.005994526
10.58,-0.005926132
10.59,-0.005857646
10.6,-0.00578908
10.61,-0.005720443
10.62,-0.005651745
10.63,-0.005582997
10.64,-0.005514209
10.65,-0.005445392
10.66,-0.005376555
10.67,-0.00530771
10.68,-0.005238867
10.69,-0.005170037
10.7,-0.005101229
10.71,-0.005032455
10.72,-0.004963724
10.73,-0.004895049
10.74,-0.004826438
10.75,-0.004757903
10.76,-0.004689455
10.77,-0.004621103
10.78,-0.004552859
10.79,-0.004484733
10.8,-0.004416736
10.81,-0.004348879
10.82,-0.004281172
10.83,-0.004213626
10.84,-0.004146251
10.85,-0.004079058
10.86,-0.004012059
10.87,-0.003945263
10.88,-0.003878681
10.89,-0.003812325
10.9,-0.003746203
10.91,-0.003680328
10.92,-0.00361471
10.93,-0.00354936
10.94,-0.003484288
10.95,-0.003419504
10.96,-0.00335502
10.97,-0.003290846
10.98,-0.003226992
10.99,-0.00316347
11,-0.003100289
11.01,-0.00303746
11.02,-0.002974994
11.03,-0.002912901
11.04,-0.002851192
11.05,-0.002789877
11.06,-0.002728966
11.07,-0.002668469
11.08,-0.002608398
11.09,-0.002548762
11.1,-0.002489572
11.11,-0.002430837
11.12,-0.002372569
11.13,-0.002314776
11.14,-0.002257469
11.15,-0.002200659
11.16,-0.002144355
11.17,-0.002088567
11.18,-0.002033304
11.19,-0.001978577
11.2,-0.001924396
11.21,-0.00187077
11.22,-0.001817708
11.23,-0.00176522
11.24,-0.001713316
11.25,-0.001662005
11.26,-0.001611296
11.27,-0.001561197
11.28,-0.001511719
11.29,-0.00146287
11.3,-0.001414659
11.31,-0.001367094
11.32,-0.001320184
11.33,-0.001273937
11.34,-0.001228361
11.35,-0.001183464
11.36,-0.001139254
11.37,-0.001095738
11.38,-0.001052923
11.39,-0.001010817
11.4,-0.0009694258
11.41,-0.000928756
11.42,-0.0008888137
11.43,-0.0008496042
11.44,-0.0008111329
11.45,-0.0007734044
11.46,-0.000736423
11.47,-0.0007001923
11.48,-0.0006647155
11.49,-0.000629995
11.5,-0.0005960325
11.51,-0.000562829
11.52,-0.0005303846
11.53,-0.0004986985
11.54,-0.0004677689
11.55,-0.0004375929
11.56,-0.0004081665
11.57,-0.0003794843
11.58,-0.0003515397
11.59,-0.0003243244
11.6,-0.0002978287
11.61,-0.000272041
11.62,-0.000246948
11.63,-0.0002225343
11.64,-0.0001987825
11.65,-0.000175673
11.66,-0.0001531836
11.67,-0.0001312901
11.68,-0.0001099651
11.69,-8.917889E-05
11.7,-6.88988E-05
11.71,-4.908923E-05
11.72,-2.971158E-05
11.73,-1.079303E-05
11.74,8.05946E-06
11.75,2.700606E-05
11.76,4.604043E-05
11.77,6.515697E-05
11.78,8.43506E-05
11.79,0.0001036167
11.8,0.0001229511
11.81,0.0001423497
11.82,0.0001618089
11.83,0.0001813252
11.84,0.0002008951
11.85,0.0002205154
11.86,0.0002401827
11.87,0.0002598938
11.88,0.0002796455
11.89,0.0002994345
11.9,0.0003192576
11.91,0.0003391114
11.92,0.0003589925
11.93,0.0003788976
11.94,0.0004000281
11.95,0.0004262421
11.96,0.0004535764
11.97,0.0004820776
11.98,0.0005117845
11.99,0.0005427272
12,0.000574927
12.01,0.0006083943
12.02,0.0006431134
12.03,0.000679077
12.04,0.0007162904
12.05,0.0007547409
12.06,0.0007943974
12.07,0.000835215
12.08,0.0008771383
12.09,0.0009201042
12.1,0.0009640443
12.11,0.001008886
12.12,0.001054555
12.13,0.001100976
12.14,0.001148073
12.15,0.001195772
12.16,0.001243998
12.17,0.001292681
12.18,0.001341759
12.19,0.001391171
12.2,0.001440867
12.21,0.001490805
12.22,0.001540945
12.23,0.001591253
12.24,0.001641698
12.25,0.001692255
12.26,0.001742905
12.27,0.001793631
12.28,0.001844424
12.29,0.001895281
12.3,0.001946204
12.31,0.001997204
12.32,0.002048298
12.33,0.002099513
12.34,0.002150883
12.35,0.002202451
12.36,0.002254269
12.37,0.002306397
12.38,0.002358907
12.39,0.002411876
12.4,0.002465394
12.41,0.002519556
12.42,0.002574468
12.43,0.002630194
12.44,0.002686587
12.45,0.002743492
12.46,0.002800817
12.47,0.002858512
12.48,0.002916547
12.49,0.002974905
12.5,0.003033576
12.51,0.003092554
12.52,0.003151839
12.53,0.003211433
12.54,0.003271336
12.55,0.003331549
12.56,0.003392071
12.57,0.003452903
12.58,0.00351404
12.59,0.00357548
12.6,0.003637217
12.61,0.003699245
12.62,0.003761557
12.63,0.003824144
12.64,0.003886998
12.65,0.003950109
12.66,0.004013466
12.67,0.004077058
12.68,0.004140876
12.69,0.004204906
12.7,0.004269139
12.71,0.004333561
12.72,0.004398163
12.73,0.004462931
12.74,0.004527856
12.75,0.004592925
12.76,0.004658126
12.77,0.004723449
12.78,0.004788883
12.79,0.004854416
12.8,0.004920037
12.81,0.004985736
12.82,0.005051502
12.83,0.005117324
12.84,0.005183191
12.85,0.005249094
12.86,0.005315022
12.87,0.005380963
12.88,0.00544691
12.89,0.00551285
12.9,0.005578774
12.91,0.005644673
12.92,0.005710535
12.93,0.005776352
12.94,0.005842113
12.95,0.005907809
12.96,0.005973429
12.97,0.006038965
12.98,0.006104406
12.99,0.006169743
13,0.006234966
13.01,0.006300067
13.02,0.006365034
13.03,0.00642986
13.04,0.006494534
13.05,0.006559047
13.06,0.006623391
13.07,0.006687555
13.08,0.00675153
13.09,0.006815308
13.1,0.006878878
13.11,0.006942233
13.12,0.007005363
13.13,0.007068258
13.14,0.007130911
13.15,0.007193311
13.16,0.007255451
13.17,0.007317321
13.18,0.007378913
13.19,0.007440217
13.2,0.007501225
13.21,0.007561929
13.22,0.007622319
13.23,0.007682388
13.24,0.007742126
13.25,0.007801526
13.26,0.007860579
13.27,0.007919276
13.28,0.007977609
13.29,0.00803557
13.3,0.008093151
13.31,0.008150343
13.32,0.008207139
13.33,0.008263531
13.34,0.00831951
13.35,0.008375069
13.36,0.008430199
13.37,0.008484894
13.38,0.008539144
13.39,0.008592944
13.4,0.008646284
13.41,0.008699158
13.42,0.008751558
13.43,0.008803477
13.44,0.008854907
13.45,0.008905841
13.46,0.008956271
13.47,0.009006192
13.48,0.009055595
13.49,0.009104474
13.5,0.009152821
13.51,0.009200631
13.52,0.009247895
13.53,0.009294609
13.54,0.009340764
13.55,0.009386354
13.56,0.009431373
13.57,0.009475815
13.58,0.009519672
13.59,0.00956294
13.6,0.009605611
13.61,0.009647681
13.62,0.009689142
13.63,0.009729988
13.64,0.009770215
13.65,0.009809817
13.66,0.009848786
13.67,0.009887119
13.68,0.00992481
13.69,0.009961853
13.7,0.009998243
13.71,0.01003397
13.72,0.01006904
13.73,0.01010344
13.74,0.01013717
13.75,0.01017022
13.76,0.01020258
13.77,0.01023426
13.78,0.01026524
13.79,0.01029553
13.8,0.01032512
13.81,0.010354
13.82,0.01038218
13.83,0.01040964
13.84,0.01043638
13.85,0.0104624
13.86,0.01048769
13.87,0.01051226
13.88,0.01053609
13.89,0.01055919
13.9,0.01058155
13.91,0.01060316
13.92,0.01062403
13.93,0.01064415
13.94,0.01066351
13.95,0.01068213
13.96,0.01069998
13.97,0.01071707
13.98,0.0107334
13.99,0.01074897
14,0.01076376
14.01,0.01077779
14.02,0.01079104
14.03,0.01080352
14.04,0.01081522
14.05,0.01082615
14.06,0.01083629
14.07,0.01084565
14.08,0.01085423
14.09,0.01086202
14.1,0.01086903
14.11,0.01087525
14.12,0.01088068
14.13,0.01088532
14.14,0.01088917
14.15,0.01089223
14.16,0.0108945
14.17,0.01089598
14.18,0.01089666
14.19,0.01089655
14.2,0.01089564
14.21,0.01089394
14.22,0.01089145
14.23,0.01088816
14.24,0.01088408
14.25,0.0108792
14.26,0.01087354
14.27,0.01086708
14.28,0.01085983
14.29,0.01085178
14.3,0.01084295
14.31,0.01083333
14.32,0.01082292
14.33,0.01081172
14.34,0.01079973
14.35,0.01078696
14.36,0.01077341
14.37,0.01075908
14.38,0.01074397
14.39,0.01072807
14.4,0.01071141
14.41,0.01069397
14.42,0.01067575
14.43,0.01065677
14.44,0.01063702
14.45,0.0106165
14.46,0.01059523
14.47,0.01057319
14.48,0.01055039
14.49,0.01052685
14.5,0.01050255
14.51,0.0104775
14.52,0.01045171
14.53,0.01042517
14.54,0.0103979
14.55,0.0103699
14.56,0.01034116
14.57,0.0103117
14.58,0.01028151
14.59,0.0102506
14.6,0.01021898
14.61,0.01018665
14.62,0.01015361
14.63,0.01011987
14.64,0.01008543
14.65,0.01005029
14.66,0.01001447
14.67,0.009977963
14.68,0.009940777
14.69,0.009902916
14.7,0.009864386
14.71,0.009825192
14.72,0.00978534
14.73,0.009744833
14.74,0.009703679
14.75,0.009661882
14.76,0.009619448
14.77,0.009576384
14.78,0.009532693
14.79,0.009488384
14.8,0.009443461
14.81,0.009397931
14.82,0.009351799
14.83,0.009305073
14.84,0.009257759
14.85,0.009209862
14.86,0.009161391
14.87,0.00911235
14.88,0.009062748
14.89,0.009012591
14.9,0.008961885
14.91,0.008910638
14.92,0.008858857
14.93,0.00880655
14.94,0.008753722
14.95,0.008700382
14.96,0.008646538
14.97,0.008592196
14.98,0.008537364
14.99,0.00848205
15,0.008426262
15.01,0.008370007
15.02,0.008313293
15.03,0.008256129
15.04,0.008198522
15.05,0.008140481
15.06,0.008082013
15.07,0.008023127
15.08,0.007963832
15.09,0.007904135
15.1,0.007844046
15.11,0.007783572
15.12,0.007722723
15.13,0.007661507
15.14,0.007599932
15.15,0.007538009
15.16,0.007475745
15.17,0.007413149
15.18,0.007350231
15.19,0.007287
15.2,0.007223464
15.21,0.007159634
15.22,0.007095517
15.23,0.007031124
15.24,0.006966464
15.25,0.006901546
15.26,0.00683638
15.27,0.006770976
15.28,0.006705342
15.29,0.006639488
15.3,0.006573425
15.31,0.006507162
15.32,0.006440708
15.33,0.006374074
15.34,0.006307269
15.35,0.006240304
15.36,0.006173187
15.37,0.00610593
15.38,0.006038542
15.39,0.005971034
15.4,0.005903415
15.41,0.005835695
15.42,0.005767885
15.43,0.005699995
15.44,0.005632036
15.45,0.005564017
15.46,0.005495948
15.47,0.005427841
15.48,0.005359705
15.49,0.005291551
15.5,0.00522339
15.51,0.005155231
15.52,0.005087085
15.53,0.005018963
15.54,0.004950876
15.55,0.004882833
15.56,0.004814845
15.57,0.004746923
15.58,0.004679078
15.59,0.00461132
15.6,0.004543659
15.61,0.004476107
15.62,0.004408673
15.63,0.004341369
15.64,0.004274205
15.65,0.004207192
15.66,0.00414034
15.67,0.00407366
15.68,0.004007163
15.69,0.00394086
15.7,0.003874761
15.71,0.003808876
15.72,0.003743217
15.73,0.003677794
15.74,0.003612617
15.75,0.003547698
15.76,0.003483047
15.77,0.003418674
15.78,0.003354591
15.79,0.003290808
15.8,0.003227334
15.81,0.003164182
15.82,0.003101361
15.83,0.003038882
15.84,0.002976756
15.85,0.002914993
15.86,0.002853603
15.87,0.002792597
15.88,0.002731985
15.89,0.002671778
15.9,0.002611987
15.91,0.00255262
15.92,0.002493689
15.93,0.002435204
15.94,0.002377175
15.95,0.002319612
15.96,0.002262525
15.97,0.002205925
15.98,0.002149821
15.99,0.002094224
16,0.002039143
16.01,0.001984588
16.02,0.001930569
16.03,0.001877095
16.04,0.001824177
16.05,0.001771823
16.06,0.001720044
16.07,0.001668849
16.08,0.001618246
16.09,0.001568245
16.1,0.001518856
16.11,0.001470087
16.12,0.001421947
16.13,0.001374445
16.14,0.001327588
16.15,0.001281387
16.16,0.001235848
16.17,0.001190981
16.18,0.001146791
16.19,0.001103289
16.2,0.00106048
16.21,0.001018371
16.22,0.0009769708
16.23,0.0009362843
16.24,0.000896318
16.25,0.0008570778
16.26,0.000818569
16.27,0.0007807966
16.28,0.0007437651
16.29,0.0007074785
16.3,0.0006719399
16.31,0.0006371523
16.32,0.0006031176
16.33,0.0005698371
16.34,0.0005373114
16.35,0.0005055399
16.36,0.0004745213
16.37,0.0004442532
16.38,0.0004147319
16.39,0.0003859526
16.4,0.0003579092
16.41,0.0003305939
16.42,0.0003039977
16.43,0.0002781095
16.44,0.0002529167
16.45,0.0002284047
16.46,0.0002045567
16.47,0.0001813539
16.48,0.000158775
16.49,0.0001367964
16.5,0.0001153917
16.51,9.453216E-05
16.52,7.418587E-05
16.53,5.431822E-05
16.54,3.489153E-05
16.55,1.595294E-05
16.56,-2.854156E-06
16.57,-2.175734E-05
16.58,-4.07502E-05
16.59,-5.982699E-05
16.6,-7.898256E-05
16.61,-9.821222E-05
16.62,-0.0001175117
16.63,-0.0001368769
16.64,-0.0001563043
16.65,-0.0001757902
16.66,-0.0001953312
16.67,-0.000214924
16.68,-0.0002345653
16.69,-0.0002542519
16.7,-0.0002739807
16.71,-0.0002937484
16.72,-0.0003135516
16.73,-0.0003333872
16.74,-0.0003532518
16.75,-0.0003731419
16.76,-0.0003930542
16.77,-0.0004178939
16.78,-0.0004448949
16.79,-0.0004730541
16.8,-0.0005024125
16.81,-0.0005330026
16.82,-0.0005648482
16.83,-0.0005979635
16.84,-0.0006323402
16.85,-0.0006679637
16.86,-0.0007048394
16.87,-0.0007429606
16.88,-0.0007823007
16.89,-0.000822818
16.9,-0.0008644597
16.91,-0.0009071646
16.92,-0.0009508654
16.93,-0.0009954905
16.94,-0.001040966
16.95,-0.001087216
16.96,-0.001134165
16.97,-0.001181739
16.98,-0.001229862
16.99,-0.001278464
17,-0.001327471
17.01,-0.001376835
17.02,-0.001426499
17.03,-0.00147642
17.04,-0.001526555
17.05,-0.00157687
17.06,-0.001627333
17.07,-0.001677917
17.08,-0.0017286
17.09,-0.001779366
17.1,-0.001830204
17.11,-0.001881109
17.12,-0.001932083
17.13,-0.001983132
17.14,-0.002034275
17.15,-0.002085533
17.16,-0.00213694
17.17,-0.002188537
17.18,-0.002240373
17.19,-0.002292507
17.2,-0.002345007
17.21,-0.00239795
17.22,-0.002451422
17.23,-0.002505518
17.24,-0.002560342
17.25,-0.002615986
17.26,-0.002672353
17.27,-0.002729273
17.28,-0.002786639
17.29,-0.002844392
17.3,-0.002902499
17.31,-0.002960939
17.32,-0.003019701
17.33,-0.003078778
17.34,-0.003138169
17.35,-0.003197874
17.36,-0.003257896
17.37,-0.003318233
17.38,-0.003378887
17.39,-0.003439857
17.4,-0.00350114
17.41,-0.003562733
17.42,-0.003624631
17.43,-0.003686828
17.44,-0.003749318
17.45,-0.003812091
17.46,-0.00387514
17.47,-0.003938454
17.48,-0.004002023
17.49,-0.004065838
17.5,-0.004129886
17.51,-0.004194157
17.52,-0.004258639
17.53,-0.00432332
17.54,-0.00438819
17.55,-0.004453237
17.56,-0.004518449
17.57,-0.004583814
17.58,-0.004649322
17.59,-0.004714961
17.6,-0.004780719
17.61,-0.004846586
17.62,-0.004912552
17.63,-0.004978604
17.64,-0.005044732
17.65,-0.005110925
17.66,-0.005177174
17.67,-0.005243467
17.68,-0.005309794
17.69,-0.005376145
17.7,-0.005442509
17.71,-0.005508877
17.72,-0.005575237
17.73,-0.005641581
17.74,-0.005707898
17.75,-0.005774179
17.76,-0.005840413
17.77,-0.00590659
17.78,-0.005972702
17.79,-0.006038737
17.8,-0.006104687
17.81,-0.006170542
17.82,-0.006236293
17.83,-0.006301928
17.84,-0.006367441
17.85,-0.00643282
17.86,-0.006498056
17.87,-0.00656314
17.88,-0.006628063
17.89,-0.006692815
17.9,-0.006757387
17.91,-0.00682177
17.92,-0.006885955
17.93,-0.006949932
17.94,-0.007013693
17.95,-0.007077228
17.96,-0.007140528
17.97,-0.007203585
17.98,-0.007266389
17.99,-0.007328931
18,-0.007391203
18.01,-0.007453196
18.02,-0.007514901
18.03,-0.00757631
18.04,-0.007637413
18.05,-0.007698202
18.06,-0.007758669
18.07,-0.007818804
18.08,-0.007878601
18.09,-0.007938049
18.1,-0.007997141
18.11,-0.008055868
18.12,-0.008114223
18.13,-0.008172197
18.14,-0.008229781
18.15,-0.008286968
18.16,-0.00834375
18.17,-0.008400118
18.18,-0.008456065
18.19,-0.008511583
18.2,-0.008566664
18.21,-0.008621301
18.22,-0.008675485
18.23,-0.008729209
18.24,-0.008782466
18.25,-0.008835247
18.26,-0.008887547
18.27,-0.008939356
18.28,-0.008990668
18.29,-0.009041477
18.3,-0.009091773
18.31,-0.009141551
18.32,-0.009190804
18.33,-0.009239524
18.34,-0.009287705
18.35,-0.00933534
18.36,-0.009382422
18.37,-0.009428945
18.38,-0.009474902
18.39,-0.009520286
18.4,-0.009565091
18.41,-0.009609311
18.42,-0.00965294
18.43,-0.009695971
18.44,-0.009738398
18.45,-0.009780215
18.46,-0.009821417
18.47,-0.009861997
18.48,-0.00990195
18.49,-0.00994127
18.5,-0.009979952
18.51,-0.01001799
18.52,-0.01005538
18.53,-0.01009211
18.54,-0.01012818
18.55,-0.01016359
18.56,-0.01019833
18.57,-0.01023239
18.58,-0.01026578
18.59,-0.01029847
18.6,-0.01033048
18.61,-0.0103618
18.62,-0.01039241
18.63,-0.01042233
18.64,-0.01045153
18.65,-0.01048002
18.66,-0.0105078
18.67,-0.01053486
18.68,-0.0105612
18.69,-0.0105868
18.7,-0.01061168
18.71,-0.01063582
18.72,-0.01065922
18.73,-0.01068188
18.74,-0.0107038
18.75,-0.01072497
18.76,-0.01074538
18.77,-0.01076504
18.78,-0.01078395
18.79,-0.01080209
18.8,-0.01081947
18.81,-0.01083608
18.82,-0.01085193
18.83,-0.010867
18.84,-0.01088131
18.85,-0.01089483
18.86,-0.01090758
18.87,-0.01091955
18.88,-0.01093074
18.89,-0.01094115
18.9,-0.01095077
18.91,-0.0109596
18.92,-0.01096765
18.93,-0.01097491
18.94,-0.01098137
18.95,-0.01098705
18.96,-0.01099193
18.97,-0.01099602
18.98,-0.01099932
18.99,-0.01100182
19,-0.01100352
19.01,-0.01100443
19.02,-0.01100454
19.03,-0.01100385
19.04,-0.01100237
19.05,-0.01100009
19.06,-0.01099701
19.07,-0.01099314
19.08,-0.01098846
19.09,-0.01098299
19.1,-0.01097673
19.11,-0.01096967
19.12,-0.01096182
19.13,-0.01095317
19.14,-0.01094373
19.15,-0.01093349
19.16,-0.01092247
19.17,-0.01091065
19.18,-0.01089805
19.19,-0.01088466
19.2,-0.01087049
19.21,-0.01085553
19.22,-0.01083979
19.23,-0.01082327
19.24,-0.01080597
19.25,-0.01078789
19.26,-0.01076904
19.27,-0.01074942
19.28,-0.01072903
19.29,-0.01070788
19.3,-0.01068596
19.31,-0.01066328
19.32,-0.01063984
19.33,-0.01061564
19.34,-0.0105907
19.35,-0.010565
19.36,-0.01053856
19.37,-0.01051138
19.38,-0.01048345
19.39,-0.0104548
19.4,-0.01042541
19.41,-0.01039529
19.42,-0.01036445
19.43,-0.01033289
19.44,-0.01030061
19.45,-0.01026762
19.46,-0.01023392
19.47,-0.01019953
19.48,-0.01016443
19.49,-0.01012864
19.5,-0.01009216
19.51,-0.01005499
19.52,-0.01001715
19.53,-0.009978634
19.54,-0.009939447
19.55,-0.009899597
19.56,-0.009859088
19.57,-0.009817926
19.58,-0.009776116
19.59,-0.009733665
19.6,-0.009690577
19.61,-0.009646859
19.62,-0.009602516
19.63,-0.009557554
19.64,-0.00951198
19.65,-0.0094658
19.66,-0.009419019
19.67,-0.009371645
19.68,-0.009323684
19.69,-0.009275142
19.7,-0.009226026
19.71,-0.009176342
19.72,-0.009126098
19.73,-0.0090753
19.74,-0.009023956
19.75,-0.008972072
19.76,-0.008919655
19.77,-0.008866713
19.78,-0.008813253
19.79,-0.008759283
19.8,-0.00870481
19.81,-0.008649841
19.82,-0.008594384
19.83,-0.008538448
19.84,-0.008482039
19.85,-0.008425165
19.86,-0.008367835
19.87,-0.008310057
19.88,-0.008251838
19.89,-0.008193187
19.9,-0.008134113
19.91,-0.008074622
19.92,-0.008014725
19.93,-0.007954428
19.94,-0.007893742
19.95,-0.007832674
19.96,-0.007771233
19.97,-0.007709428
19.98,-0.007647268
19.99,-0.007584761
20,-0.007521916
20.01,-0.007458744
20.02,-0.007395251
20.03,-0.007331448
20.04,-0.007267344
20.05,-0.007202948
20.06,-0.00713827
20.07,-0.007073318
20.08,-0.007008102
20.09,-0.006942632
20.1,-0.006876917
20.11,-0.006810966
20.12,-0.00674479
20.13,-0.006678398
20.14,-0.006611799
20.15,-0.006545004
20.16,-0.006478022
20.17,-0.006410863
20.18,-0.006343537
20.19,-0.006276053
20.2,-0.006208423
20.21,-0.006140656
20.22,-0.006072761
20.23,-0.00600475
20.24,-0.005936632
20.25,-0.005868417
20.26,-0.005800116
20.27,-0.005731738
20.28,-0.005663295
20.29,-0.005594796
20.3,-0.005526252
20.31,-0.005457672
20.32,-0.005389069
20.33,-0.005320451
20.34,-0.005251829
20.35,-0.005183215
20.36,-0.005114617
20.37,-0.005046048
20.38,-0.004977516
20.39,-0.004909034
20.4,-0.004840611
20.41,-0.004772258
20.42,-0.004703985
20.43,-0.004635804
20.44,-0.004567724
20.45,-0.004499757
20.46,-0.004431913
20.47,-0.004364203
20.48,-0.004296637
20.49,-0.004229226
20.5,-0.00416198
20.51,-0.004094911
20.52,-0.004028029
20.53,-0.003961345
20.54,-0.003894869
20.55,-0.003828612
20.56,-0.003762584
20.57,-0.003696797
20.58,-0.003631261
20.59,-0.003565986
20.6,-0.003500983
20.61,-0.003436264
20.62,-0.003371837
20.63,-0.003307715
20.64,-0.003243907
20.65,-0.003180424
20.66,-0.003117277
20.67,-0.003054477
20.68,-0.002992032
20.69,-0.002929955
20.7,-0.002868256
20.71,-0.002806944
20.72,-0.002746031
20.73,-0.002685527
20.74,-0.002625442
20.75,-0.002565786
20.76,-0.00250657
20.77,-0.002447803
20.78,-0.002389497
20.79,-0.002331661
20.8,-0.002274305
20.81,-0.00221744
20.82,-0.002161074
20.83,-0.002105219
20.84,-0.002049884
20.85,-0.001995079
20.86,-0.001940814
20.87,-0.001887098
20.88,-0.00183394
20.89,-0.001781352
20.9,-0.001729341
20.91,-0.001677917
20.92,-0.001627091
20.93,-0.001576869
20.94,-0.001527263
20.95,-0.00147828
20.96,-0.001429929
20.97,-0.00138222
20.98,-0.00133516
20.99,-0.001288758
21,-0.001243022
21.01,-0.00119796
21.02,-0.00115358
21.03,-0.00110989
21.04,-0.001066896
21.05,-0.001024607
21.06,-0.0009830275
21.07,-0.0009421653
21.08,-0.0009020264
21.09,-0.0008626164
21.1,-0.0008239406
21.11,-0.0007860041
21.12,-0.0007488111
21.13,-0.0007123657
21.14,-0.0006766711
21.15,-0.00064173
21.16,-0.0006075445
21.17,-0.0005741158
21.18,-0.0005414444
21.19,-0.0005095298
21.2,-0.0004783705
21.21,-0.0004479643
21.22,-0.0004183074
21.23,-0.000389395
21.24,-0.0003612209
21.25,-0.0003337776
21.26,-0.0003070559
21.27,-0.0002810448
21.28,-0.0002557318
21.29,-0.0002311023
21.3,-0.0002071396
21.31,-0.0001838249
21.32,-0.0001611372
21.33,-0.0001390529
21.34,-0.0001175458
21.35,-9.658713E-05
21.36,-7.61454E-05
21.37,-5.61861E-05
21.38,-3.667177E-05
21.39,-1.760208E-05
21.4,1.204208E-06
21.41,2.010717E-05
21.42,3.910023E-05
21.43,5.817754E-05
21.44,7.733389E-05
21.45,9.656451E-05
21.46,0.0001158651
21.47,0.0001352315
21.48,0.00015466
21.49,0.000174147
21.5,0.0001936891
21.51,0.000213283
21.52,0.0002329253
21.53,0.0002526128
21.54,0.0002723424
21.55,0.0002921107
21.56,0.0003119145
21.57,0.0003317506
21.58,0.0003516155
21.59,0.0003715058
21.6,0.0003914182
21.61,0.0004164327
21.62,0.0004433422
21.63,0.0004714017
21.64,0.0005006528
21.65,0.0005311288
21.66,0.0005628543
21.67,0.0005958449
21.68,0.0006300949
21.69,0.0006655882
21.7,0.0007023298
21.71,0.0007403153
21.72,0.0007795201
21.73,0.0008199039
21.74,0.0008614151
21.75,0.0009039935
21.76,0.0009475725
21.77,0.0009920811
21.78,0.001037446
21.79,0.001083591
21.8,0.001130442
21.81,0.001177923
21.82,0.001225964
21.83,0.001274489
21.84,0.001323426
21.85,0.001372722
21.86,0.001422322
21.87,0.001472181
21.88,0.001522259
21.89,0.001572519
21.9,0.001622929
21.91,0.001673462
21.92,0.001724096
21.93,0.001774813
21.94,0.001825601
21.95,0.001876456
21.96,0.001927376
21.97,0.00197837
21.98,0.002029452
21.99,0.002080645
22,0.00213198
22.01,0.002183497
22.02,0.002235243
22.03,0.002287277
22.04,0.002339664
22.05,0.00239248
22.06,0.00244581
22.07,0.002499747
22.08,0.002554392
22.09,0.002609845
22.1,0.002666044
22.11,0.00272281
22.12,0.002780028
22.13,0.002837633
22.14,0.00289559
22.15,0.002953875
22.16,0.003012476
22.17,0.003071387
22.18,0.003130606
22.19,0.003190133
22.2,0.003249969
22.21,0.003310115
22.22,0.003370572
22.23,0.003431339
22.24,0.003492414
22.25,0.003553794
22.26,0.003615475
22.27,0.00367745
22.28,0.003739713
22.29,0.003802256
22.3,0.003865071
22.31,0.003928147
22.32,0.003991475
22.33,0.004055044
22.34,0.004118844
22.35,0.004182863
22.36,0.004247089
22.37,0.004311512
22.38,0.00437612
22.39,0.004440901
22.4,0.004505843
22.41,0.004570936
22.42,0.004636168
22.43,0.004701527
22.44,0.004767003
22.45,0.004832583
22.46,0.004898258
22.47,0.004964016
22.48,0.005029847
22.49,0.00509574
22.5,0.005161684
22.51,0.005227668
22.52,0.005293683
22.53,0.005359718
22.54,0.005425763
22.55,0.005491807
22.56,0.005557841
22.57,0.005623854
22.58,0.005689837
22.59,0.005755779
22.6,0.005821671
22.61,0.005887503
22.62,0.005953265
22.63,0.006018948
22.64,0.006084541
22.65,0.006150036
22.66,0.006215422
22.67,0.00628069
22.68,0.006345831
22.69,0.006410834
22.7,0.006475692
22.71,0.006540394
22.72,0.006604931
22.73,0.006669293
22.74,0.006733472
22.75,0.006797459
22.76,0.006861243
22.77,0.006924817
22.78,0.00698817
22.79,0.007051294
22.8,0.00711418
22.81,0.007176819
22.82,0.007239202
22.83,0.007301321
22.84,0.007363165
22.85,0.007424727
22.86,0.007485998
22.87,0.007546969
22.88,0.007607631
22.89,0.007667977
22.9,0.007727996
22.91,0.007787682
22.92,0.007847025
22.93,0.007906017
22.94,0.00796465
22.95,0.008022915
22.96,0.008080804
22.97,0.00813831
22.98,0.008195423
22.99,0.008252136
23,0.008308442
23.01,0.008364331
23.02,0.008419796
23.03,0.008474829
23.04,0.008529423
23.05,0.008583569
23.06,0.008637261
23.07,0.00869049
23.08,0.008743249
23.09,0.008795531
23.1,0.008847328
23.11,0.008898633
23.12,0.008949438
23.13,0.008999737
23.14,0.009049523
23.15,0.009098788
23.16,0.009147525
23.17,0.009195728
23.18,0.00924339
23.19,0.009290503
23.2,0.009337062
23.21,0.00938306
23.22,0.00942849
23.23,0.009473345
23.24,0.009517621
23.25,0.009561309
23.26,0.009604404
23.27,0.0096469
23.28,0.009688791
23.29,0.009730071
23.3,0.009770734
23.31,0.009810774
23.32,0.009850186
23.33,0.009888964
23.34,0.009927102
23.35,0.009964595
23.36,0.01000144
23.37,0.01003762
23.38,0.01007315
23.39,0.01010801
23.4,0.0101422
23.41,0.01017571
23.42,0.01020855
23.43,0.01024069
23.44,0.01027215
23.45,0.01030291
23.46,0.01033298
23.47,0.01036234
23.48,0.01039099
23.49,0.01041893
23.5,0.01044616
23.51,0.01047266
23.52,0.01049844
23.53,0.0105235
23.54,0.01054782
23.55,0.01057141
23.56,0.01059426
23.57,0.01061637
23.58,0.01063774
23.59,0.01065835
23.6,0.01067822
23.61,0.01069733
23.62,0.01071568
23.63,0.01073328
23.64,0.01075011
23.65,0.01076618
23.66,0.01078148
23.67,0.01079601
23.68,0.01080977
23.69,0.01082276
23.7,0.01083497
23.71,0.0108464
23.72,0.01085705
23.73,0.01086692
23.74,0.010876
23.75,0.01088431
23.76,0.01089182
23.77,0.01089855
23.78,0.01090449
23.79,0.01090964
23.8,0.010914
23.81,0.01091756
23.82,0.01092034
23.83,0.01092232
23.84,0.01092351
23.85,0.01092391
23.86,0.01092351
23.87,0.01092231
23.88,0.01092032
23.89,0.01091754
23.9,0.01091396
23.91,0.01090959
23.92,0.01090442
23.93,0.01089846
23.94,0.01089171
23.95,0.01088417
23.96,0.01087583
23.97,0.0108667
23.98,0.01085678
23.99,0.01084608
24,0.01083458
24.01,0.0108223
24.02,0.01080924
24.03,0.01079539
24.04,0.01078076
24.05,0.01076535
24.06,0.01074916
24.07,0.0107322
24.08,0.01071446
24.09,0.01069595
24.1,0.01067667
24.11,0.01065662
24.12,0.01063581
24.13,0.01061424
24.14,0.01059191
24.15,0.01056882
24.16,0.01054497
24.17,0.01052038
24.18,0.01049504
24.19,0.01046895
24.2,0.01044212
24.21,0.01041456
24.22,0.01038626
24.23,0.01035723
24.24,0.01032748
24.25,0.010297
24.26,0.0102658
24.27,0.01023389
24.28,0.01020127
24.29,0.01016794
24.3,0.01013391
