0.01,-0.0006287968
0.02,-0.0004410363
0.03,-0.0004802996
0.04,-0.0004730708
0.05,-0.0004612996
0.06,-0.0004482116
0.07,-0.0004349681
0.08,-0.0004228753
0.09,-0.0004118369
0.1,-0.0004017334
0.11,-0.0003924433
0.12,-0.000383856
0.13,-0.0003758745
0.14,-0.0003684157
0.15,-0.000361409
0.16,-0.000354794
0.17,-0.0003485196
0.18,-0.0003425421
0.19,-0.0003368241
0.2,-0.0003313336
0.21,-0.0003260427
0.22,-0.0003209277
0.23,-0.0003159677
0.24,-0.0003111445
0.25,-0.0003064425
0.26,-0.0003018477
0.27,-0.000297348
0.28,-0.0002929326
0.29,-0.0002885921
0.3,-0.000284318
0.31,-0.000280103
0.32,-0.0002759405
0.33,-0.0002718245
0.34,-0.00026775
0.35,-0.0002637122
0.36,-0.0002597071
0.37,-0.000255731
0.38,-0.0002517805
0.39,-0.0002478529
0.4,-0.0002439454
0.41,-0.0002400559
0.42,-0.0002361822
0.43,-0.0002323227
0.44,-0.0002284756
0.45,-0.0002246397
0.46,-0.0002208137
0.47,-0.0002169965
0.48,-0.0002131873
0.49,-0.0002093853
0.5,-0.0002055899
0.51,-0.0002018004
0.52,-0.0001980165
0.53,-0.0001942379
0.54,-0.0001904642
0.55,-0.0001866953
0.56,-0.0001829311
0.57,-0.0001791715
0.58,-0.0001754166
0.59,-0.0001716665
0.6,-0.0001679212
0.61,-0.000164181
0.62,-0.000160446
0.63,-0.0001567166
0.64,-0.000152993
0.65,-0.0001492755
0.66,-0.0001455645
0.67,-0.0001418604
0.68,-0.0001381636
0.69,-0.0001344745
0.7,-0.0001307936
0.71,-0.0001271212
0.72,-0.0001234579
0.73,-0.0001198042
0.74,-0.0001161605
0.75,-0.0001125274
0.76,-0.0001089053
0.77,-0.0001052947
0.78,-0.0001016961
0.79,-9.811008E-05
0.8,-9.453704E-05
0.81,-9.097749E-05
0.82,-8.743187E-05
0.83,-8.390065E-05
0.84,-8.038424E-05
0.85,-7.688306E-05
0.86,-7.339747E-05
0.87,-6.992784E-05
0.88,-6.647447E-05
0.89,-6.303765E-05
0.9,-5.961759E-05
0.91,-5.621448E-05
0.92,-5.282843E-05
0.93,-4.945949E-05
0.94,-4.610763E-05
0.95,-4.277272E-05
0.96,-3.945453E-05
0.97,-3.615269E-05
0.98,-3.286669E-05
0.99,-2.959583E-05
1,-2.633919E-05
1.01,-2.309555E-05
1.02,-1.986333E-05
1.03,-1.664045E-05
1.04,-1.342419E-05
1.05,-1.02108E-05
1.06,-6.995066E-06
1.07,-3.769252E-06
1.08,-5.210424E-07
1.09,2.763919E-06
1.1,6.227063E-06
1.11,9.490846E-06
1.12,1.263037E-05
1.13,1.567214E-05
1.14,1.86325E-05
1.15,2.152209E-05
1.16,2.43485E-05
1.17,2.71176E-05
1.18,2.983412E-05
1.19,3.250205E-05
1.2,3.512493E-05
1.21,3.770593E-05
1.22,4.0248E-05
1.23,4.275391E-05
1.24,4.522633E-05
1.25,4.766783E-05
1.26,5.008093E-05
1.27,5.246809E-05
1.28,5.483178E-05
1.29,5.717439E-05
1.3,5.949835E-05
1.31,6.180603E-05
1.32,6.410025E-05
1.33,6.638432E-05
1.34,6.865977E-05
1.35,7.092869E-05
1.36,7.319325E-05
1.37,7.545558E-05
1.38,7.771777E-05
1.39,7.998185E-05
1.4,8.224981E-05
1.41,8.452355E-05
1.42,8.68049E-05
1.43,8.90956E-05
1.44,9.139733E-05
1.45,9.371166E-05
1.46,9.604007E-05
1.47,9.838395E-05
1.48,0.0001007446
1.49,0.0001031232
1.5,0.0001055209
1.51,0.0001079386
1.52,0.0001103773
1.53,0.0001128378
1.54,0.0001153208
1.55,0.0001178268
1.56,0.0001203565
1.57,0.0001229102
1.58,0.0001254853
1.59,0.0001280887
1.6,0.000130721
1.61,0.0001333801
1.62,0.0001360658
1.63,0.0001387778
1.64,0.0001415159
1.65,0.0001442799
1.66,0.0001470696
1.67,0.0001498846
1.68,0.0001527247
1.69,0.0001555893
1.7,0.0001584783
1.71,0.000161391
1.72,0.0001643271
1.73,0.000167286
1.74,0.0001702671
1.75,0.0001732699
1.76,0.0001762939
1.77,0.0001793383
1.78,0.0001824026
1.79,0.000185486
1.8,0.0001885879
1.81,0.0001917077
1.82,0.0001948446
1.83,0.0001979978
1.84,0.0002011667
1.85,0.0002043504
1.86,0.0002075483
1.87,0.0002107596
1.88,0.0002139835
1.89,0.0002172192
1.9,0.0002204659
1.91,0.0002237229
1.92,0.0002269893
1.93,0.0002302644
1.94,0.0002335473
1.95,0.0002368372
1.96,0.0002401333
1.97,0.0002434348
1.98,0.0002467409
1.99,0.0002500508
2,0.0002533635
2.01,0.0002566784
2.02,0.0002599945
2.03,0.0002633111
2.04,0.0002666273
2.05,0.0002699424
2.06,0.0002732553
2.07,0.0002765655
2.08,0.0002798719
2.09,0.0002831739
2.1,0.0002864705
2.11,0.0002897609
2.12,0.0002930444
2.13,0.0002963201
2.14,0.0002995871
2.15,0.0003028448
2.16,0.0003060921
2.17,0.0003093284
2.18,0.0003125528
2.19,0.0003157645
2.2,0.0003189627
2.21,0.0003221466
2.22,0.0003253153
2.23,0.0003284682
2.24,0.0003316044
2.25,0.000334723
2.26,0.0003378234
2.27,0.0003409046
2.28,0.000343966
2.29,0.0003470068
2.3,0.0003500262
2.31,0.0003530233
2.32,0.0003559975
2.33,0.000358948
2.34,0.0003618741
2.35,0.0003647748
2.36,0.0003676496
2.37,0.0003704977
2.38,0.0003733184
2.39,0.0003761108
2.4,0.0003788743
2.41,0.0003816082
2.42,0.0003843117
2.43,0.0003869842
2.44,0.0003896249
2.45,0.0003922331
2.46,0.0003948081
2.47,0.0003973494
2.48,0.0003998561
2.49,0.0004023276
2.5,0.0004047632
2.51,0.0004071624
2.52,0.0004095244
2.53,0.0004118486
2.54,0.0004141344
2.55,0.0004163811
2.56,0.0004185881
2.57,0.0004207548
2.58,0.0004228807
2.59,0.0004249651
2.6,0.0004270074
2.61,0.000429007
2.62,0.0004309635
2.63,0.0004328762
2.64,0.0004347446
2.65,0.0004365681
2.66,0.0004383462
2.67,0.0004400784
2.68,0.0004417643
2.69,0.0004434031
2.7,0.0004449946
2.71,0.0004465382
2.72,0.0004480334
2.73,0.0004494798
2.74,0.000450877
2.75,0.0004522244
2.76,0.0004535217
2.77,0.0004547684
2.78,0.0004559641
2.79,0.0004571085
2.8,0.0004582011
2.81,0.0004592416
2.82,0.0004602295
2.83,0.0004611647
2.84,0.0004620467
2.85,0.0004628751
2.86,0.0004636497
2.87,0.0004643702
2.88,0.0004650363
2.89,0.0004656476
2.9,0.000466204
2.91,0.0004667051
2.92,0.0004671508
2.93,0.0004675407
2.94,0.0004678747
2.95,0.0004681525
2.96,0.000468374
2.97,0.000468539
2.98,0.0004686473
2.99,0.0004686987
3,0.0004686932
3.01,0.0004686304
3.02,0.0004685105
3.03,0.0004683332
3.04,0.0004680984
3.05,0.0004678061
3.06,0.0004674562
3.07,0.0004670486
3.08,0.0004665833
3.09,0.0004660603
3.1,0.0004654796
3.11,0.0004648411
3.12,0.0004641448
3.13,0.0004633908
3.14,0.0004625792
3.15,0.0004617099
3.16,0.0004607831
3.17,0.0004597987
3.18,0.0004587569
3.19,0.0004576579
3.2,0.0004565016
3.21,0.0004552883
3.22,0.000454018
3.23,0.000452691
3.24,0.0004513073
3.25,0.0004498673
3.26,0.000448371
3.27,0.0004468187
3.28,0.0004452105
3.29,0.0004435468
3.3,0.0004418278
3.31,0.0004400537
3.32,0.0004382247
3.33,0.0004363413
3.34,0.0004344036
3.35,0.000432412
3.36,0.0004303668
3.37,0.0004282683
3.38,0.0004261168
3.39,0.0004239128
3.4,0.0004216566
3.41,0.0004193486
3.42,0.0004169891
3.43,0.0004145786
3.44,0.0004121174
3.45,0.0004096061
3.46,0.000407045
3.47,0.0004044346
3.48,0.0004017754
3.49,0.0003990678
3.5,0.0003963123
3.51,0.0003935094
3.52,0.0003906596
3.53,0.0003877635
3.54,0.0003848215
3.55,0.0003818341
3.56,0.000378802
3.57,0.0003757257
3.58,0.0003726057
3.59,0.0003694427
3.6,0.0003662371
3.61,0.0003629897
3.62,0.0003597009
3.63,0.0003563715
3.64,0.0003530019
3.65,0.000349593
3.66,0.0003461452
3.67,0.0003426593
3.68,0.0003391358
3.69,0.0003355755
3.7,0.000331979
3.71,0.000328347
3.72,0.0003246802
3.73,0.0003209792
3.74,0.0003172447
3.75,0.0003134775
3.76,0.0003096782
3.77,0.0003058476
3.78,0.0003019863
3.79,0.0002980951
3.8,0.0002941747
3.81,0.0002902259
3.82,0.0002862493
3.83,0.0002822457
3.84,0.0002782159
3.85,0.0002741605
3.86,0.0002700803
3.87,0.0002659761
3.88,0.0002618486
3.89,0.0002576986
3.9,0.0002535267
3.91,0.0002493338
3.92,0.0002451206
3.93,0.0002408878
3.94,0.0002366361
3.95,0.0002323664
3.96,0.0002280793
3.97,0.0002237756
3.98,0.0002194559
3.99,0.0002151211
4,0.0002107719
4.01,0.0002064089
4.02,0.0002020329
4.03,0.0001976445
4.04,0.0001932444
4.05,0.0001888333
4.06,0.000184412
4.07,0.0001799809
4.08,0.0001755408
4.09,0.0001710922
4.1,0.0001666359
4.11,0.0001621723
4.12,0.000157702
4.13,0.0001532256
4.14,0.0001487436
4.15,0.0001442565
4.16,0.0001397647
4.17,0.0001352687
4.18,0.0001307689
4.19,0.0001262656
4.2,0.0001217592
4.21,0.0001172499
4.22,0.0001127381
4.23,0.0001082238
4.24,0.0001037071
4.25,9.918823E-05
4.26,9.466705E-05
4.27,9.014348E-05
4.28,8.561734E-05
4.29,8.108834E-05
4.3,7.655606E-05
4.31,7.201998E-05
4.32,6.747939E-05
4.33,6.293343E-05
4.34,5.838102E-05
4.35,5.382084E-05
4.36,4.925126E-05
4.37,4.467029E-05
4.38,4.007551E-05
4.39,3.54639E-05
4.4,3.083171E-05
4.41,2.617419E-05
4.42,2.148524E-05
4.43,1.675677E-05
4.44,1.197765E-05
4.45,7.131817E-06
4.46,2.194411E-06
4.47,-2.872803E-06
4.48,-8.353721E-06
4.49,-1.358807E-05
4.5,-1.8601E-05
4.51,-2.343743E-05
4.52,-2.813078E-05
4.53,-3.27034E-05
4.54,-3.717114E-05
4.55,-4.154578E-05
4.56,-4.583646E-05
4.57,-5.005052E-05
4.58,-5.419406E-05
4.59,-5.827224E-05
4.6,-6.228956E-05
4.61,-6.624999E-05
4.62,-7.015712E-05
4.63,-7.401423E-05
4.64,-7.782436E-05
4.65,-8.159035E-05
4.66,-8.531491E-05
4.67,-8.900062E-05
4.68,-9.264997E-05
4.69,-9.626537E-05
4.7,-9.984917E-05
4.71,-0.0001034037
4.72,-0.0001069311
4.73,-0.0001104337
4.74,-0.0001139137
4.75,-0.0001173732
4.76,-0.0001208144
4.77,-0.0001242393
4.78,-0.00012765
4.79,-0.0001310486
4.8,-0.0001344371
4.81,-0.0001378174
4.82,-0.0001411914
4.83,-0.000144561
4.84,-0.000147928
4.85,-0.0001512942
4.86,-0.0001546613
4.87,-0.000158031
4.88,-0.0001614047
4.89,-0.000164784
4.9,-0.0001681704
4.91,-0.0001715652
4.92,-0.0001749697
4.93,-0.0001783851
4.94,-0.0001818124
4.95,-0.0001852528
4.96,-0.0001887072
4.97,-0.0001921765
4.98,-0.0001956614
4.99,-0.0001991627
5,-0.0002026811
5.01,-0.0002062171
5.02,-0.0002097711
5.03,-0.0002133436
5.04,-0.000216935
5.05,-0.0002205455
5.06,-0.0002241753
5.07,-0.0002278245
5.08,-0.0002314933
5.09,-0.0002351817
5.1,-0.0002388895
5.11,-0.0002426168
5.12,-0.0002463634
5.13,-0.000250129
5.14,-0.0002539136
5.15,-0.0002577166
5.16,-0.0002615379
5.17,-0.0002653771
5.18,-0.0002692338
5.19,-0.0002731075
5.2,-0.0002769977
5.21,-0.000280904
5.22,-0.0002848258
5.23,-0.0002887626
5.24,-0.0002927137
5.25,-0.0002966787
5.26,-0.0003006567
5.27,-0.0003046472
5.28,-0.0003086496
5.29,-0.000312663
5.3,-0.0003166869
5.31,-0.0003207204
5.32,-0.0003247629
5.33,-0.0003288136
5.34,-0.0003328717
5.35,-0.0003369365
5.36,-0.0003410071
5.37,-0.0003450828
5.38,-0.0003491627
5.39,-0.0003532461
5.4,-0.0003573321
5.41,-0.0003614199
5.42,-0.0003655086
5.43,-0.0003695975
5.44,-0.0003736856
5.45,-0.0003777722
5.46,-0.0003818563
5.47,-0.0003859371
5.48,-0.0003900137
5.49,-0.0003940853
5.5,-0.000398151
5.51,-0.00040221
5.52,-0.0004062613
5.53,-0.0004103041
5.54,-0.0004143375
5.55,-0.0004183607
5.56,-0.0004223727
5.57,-0.0004263728
5.58,-0.00043036
5.59,-0.0004343334
5.6,-0.0004382922
5.61,-0.0004422355
5.62,-0.0004461624
5.63,-0.0004500722
5.64,-0.0004539638
5.65,-0.0004578365
5.66,-0.0004616894
5.67,-0.0004655216
5.68,-0.0004693322
5.69,-0.0004731205
5.7,-0.0004768856
5.71,-0.0004806266
5.72,-0.0004843426
5.73,-0.0004880329
5.74,-0.0004916966
5.75,-0.0004953329
5.76,-0.0004989409
5.77,-0.0005025199
5.78,-0.000506069
5.79,-0.0005095874
5.8,-0.0005130742
5.81,-0.0005165288
5.82,-0.0005199502
5.83,-0.0005233378
5.84,-0.0005266907
5.85,-0.0005300081
5.86,-0.0005332893
5.87,-0.0005365335
5.88,-0.0005397399
5.89,-0.0005429079
5.9,-0.0005460365
5.91,-0.0005491252
5.92,-0.0005521731
5.93,-0.0005551795
5.94,-0.0005581438
5.95,-0.0005610652
5.96,-0.000563943
5.97,-0.0005667765
5.98,-0.000569565
5.99,-0.0005723078
6,-0.0005750043
6.01,-0.0005776539
6.02,-0.0005802557
6.03,-0.0005828093
6.04,-0.0005853139
6.05,-0.0005877689
6.06,-0.0005901738
6.07,-0.0005925279
6.08,-0.0005948305
6.09,-0.0005970812
6.1,-0.0005992793
6.11,-0.0006014242
6.12,-0.0006035154
6.13,-0.0006055523
6.14,-0.0006075345
6.15,-0.0006094612
6.16,-0.0006113322
6.17,-0.0006131467
6.18,-0.0006149043
6.19,-0.0006166046
6.2,-0.000618247
6.21,-0.0006198311
6.22,-0.0006213564
6.23,-0.0006228225
6.24,-0.0006242288
6.25,-0.0006255751
6.26,-0.0006268609
6.27,-0.0006280858
6.28,-0.0006292493
6.29,-0.0006303512
6.3,-0.0006313911
6.31,-0.0006323685
6.32,-0.0006332831
6.33,-0.0006341347
6.34,-0.0006349229
6.35,-0.0006356474
6.36,-0.0006363079
6.37,-0.0006369041
6.38,-0.0006374357
6.39,-0.0006379025
6.4,-0.0006383043
6.41,-0.0006386407
6.42,-0.0006389117
6.43,-0.000639117
6.44,-0.0006392563
6.45,-0.0006393295
6.46,-0.0006393365
6.47,-0.0006392771
6.48,-0.0006391511
6.49,-0.0006389585
6.5,-0.000638699
6.51,-0.0006383727
6.52,-0.0006379793
6.53,-0.0006375189
6.54,-0.0006369914
6.55,-0.0006363967
6.56,-0.0006357348
6.57,-0.0006350057
6.58,-0.0006342094
6.59,-0.0006333458
6.6,-0.000632415
6.61,-0.0006314171
6.62,-0.000630352
6.63,-0.0006292198
6.64,-0.0006280207
6.65,-0.0006267546
6.66,-0.0006254218
6.67,-0.0006240222
6.68,-0.0006225561
6.69,-0.0006210236
6.7,-0.0006194248
6.71,-0.0006177599
6.72,-0.0006160291
6.73,-0.0006142326
6.74,-0.0006123705
6.75,-0.0006104432
6.76,-0.0006084508
6.77,-0.0006063936
6.78,-0.0006042719
6.79,-0.000602086
6.8,-0.0005998361
6.81,-0.0005975225
6.82,-0.0005951455
6.83,-0.0005927055
6.84,-0.0005902029
6.85,-0.0005876379
6.86,-0.000585011
6.87,-0.0005823224
6.88,-0.0005795727
6.89,-0.0005767623
6.9,-0.0005738914
6.91,-0.0005709607
6.92,-0.0005679704
6.93,-0.0005649211
6.94,-0.0005618133
6.95,-0.0005586474
6.96,-0.0005554239
6.97,-0.0005521434
6.98,-0.0005488062
6.99,-0.0005454131
7,-0.0005419644
7.01,-0.0005384608
7.02,-0.0005349029
7.03,-0.0005312911
7.04,-0.0005276261
7.05,-0.0005239084
7.06,-0.0005201388
7.07,-0.0005163177
7.08,-0.0005124459
7.09,-0.0005085239
7.1,-0.0005045524
7.11,-0.0005005321
7.12,-0.0004964637
7.13,-0.0004923477
7.14,-0.0004881849
7.15,-0.0004839761
7.16,-0.0004797218
7.17,-0.0004754228
7.18,-0.0004710798
7.19,-0.0004666937
7.2,-0.000462265
7.21,-0.0004577945
7.22,-0.000453283
7.23,-0.0004487313
7.24,-0.0004441402
7.25,-0.0004395103
7.26,-0.0004348425
7.27,-0.0004301375
7.28,-0.0004253962
7.29,-0.0004206194
7.3,-0.0004158078
7.31,-0.0004109623
7.32,-0.0004060836
7.33,-0.0004011727
7.34,-0.0003962303
7.35,-0.0003912572
7.36,-0.0003862543
7.37,-0.0003812224
7.38,-0.0003761623
7.39,-0.000371075
7.4,-0.0003659611
7.41,-0.0003608216
7.42,-0.0003556573
7.43,-0.000350469
7.44,-0.0003452576
7.45,-0.0003400239
7.46,-0.0003347688
7.47,-0.000329493
7.48,-0.0003241975
7.49,-0.000318883
7.5,-0.0003135504
7.51,-0.0003082006
7.52,-0.0003028342
7.53,-0.0002974522
7.54,-0.0002920554
7.55,-0.0002866444
7.56,-0.0002812203
7.57,-0.0002757836
7.58,-0.0002703353
7.59,-0.000264876
7.6,-0.0002594066
7.61,-0.0002539277
7.62,-0.00024844
7.63,-0.0002429444
7.64,-0.0002374415
7.65,-0.000231932
7.66,-0.0002264165
7.67,-0.0002208957
7.68,-0.0002153702
7.69,-0.0002098406
7.7,-0.0002043075
7.71,-0.0001987715
7.72,-0.0001932329
7.73,-0.0001876925
7.74,-0.0001821505
7.75,-0.0001766075
7.76,-0.0001710637
7.77,-0.0001655197
7.78,-0.0001599755
7.79,-0.0001544316
7.8,-0.0001488881
7.81,-0.0001433451
7.82,-0.0001378027
7.83,-0.000132261
7.84,-0.0001267199
7.85,-0.0001211791
7.86,-0.0001156386
7.87,-0.0001100979
7.88,-0.0001045565
7.89,-9.901401E-05
7.9,-9.346956E-05
7.91,-8.792229E-05
7.92,-8.237112E-05
7.93,-7.681473E-05
7.94,-7.125155E-05
7.95,-6.567969E-05
7.96,-6.009692E-05
7.97,-5.450051E-05
7.98,-4.888718E-05
7.99,-4.325295E-05
8,-3.759289E-05
8.01,-3.190082E-05
8.02,-2.616888E-05
8.03,-2.038671E-05
8.04,-1.454026E-05
8.05,-8.609458E-06
8.06,-2.563882E-06
8.07,3.639452E-06
8.08,1.036177E-05
8.09,1.681305E-05
8.1,2.299412E-05
8.11,2.895173E-05
8.12,3.472574E-05
8.13,4.034381E-05
8.14,4.582582E-05
8.15,5.118667E-05
8.16,5.643796E-05
8.17,6.158897E-05
8.18,6.66474E-05
8.19,7.161971E-05
8.2,7.651151E-05
8.21,8.13277E-05
8.22,8.607264E-05
8.23,9.07503E-05
8.24,9.536429E-05
8.25,9.991796E-05
8.26,0.0001044144
8.27,0.0001088567
8.28,0.0001132475
8.29,0.0001175895
8.3,0.0001218854
8.31,0.0001261377
8.32,0.0001303488
8.33,0.000134521
8.34,0.0001386567
8.35,0.0001427581
8.36,0.0001468276
8.37,0.0001508672
8.38,0.0001548792
8.39,0.0001588656
8.4,0.0001628286
8.41,0.0001667702
8.42,0.0001706923
8.43,0.0001745969
8.44,0.0001784859
8.45,0.0001823612
8.46,0.0001862245
8.47,0.0001900777
8.48,0.0001939222
8.49,0.0001977599
8.5,0.0002015922
8.51,0.0002054206
8.52,0.0002092465
8.53,0.0002130712
8.54,0.0002168959
8.55,0.000220722
8.56,0.0002245504
8.57,0.0002283822
8.58,0.0002322183
8.59,0.0002360597
8.6,0.0002399069
8.61,0.0002437609
8.62,0.0002476222
8.63,0.0002514914
8.64,0.000255369
8.65,0.0002592554
8.66,0.000263151
8.67,0.0002670559
8.68,0.0002709705
8.69,0.0002748949
8.7,0.0002788291
8.71,0.0002827733
8.72,0.0002867273
8.73,0.0002906911
8.74,0.0002946646
8.75,0.0002986476
8.76,0.0003026397
8.77,0.0003066409
8.78,0.0003106507
8.79,0.0003146688
8.8,0.0003186949
8.81,0.0003227283
8.82,0.0003267688
8.83,0.0003308158
8.84,0.0003348687
8.85,0.0003389271
8.86,0.0003429903
8.87,0.0003470577
8.88,0.0003511287
8.89,0.0003552027
8.9,0.0003592789
8.91,0.0003633567
8.92,0.0003674354
8.93,0.0003715142
8.94,0.0003755924
8.95,0.0003796692
8.96,0.000383744
8.97,0.0003878158
8.98,0.0003918839
8.99,0.0003959475
9,0.0004000058
9.01,0.000404058
9.02,0.0004081032
9.03,0.0004121407
9.04,0.0004161695
9.05,0.0004201889
9.06,0.000424198
9.07,0.0004281959
9.08,0.0004321819
9.09,0.0004361549
9.1,0.0004401142
9.11,0.000444059
9.12,0.0004479883
9.13,0.0004519013
9.14,0.0004557971
9.15,0.0004596749
9.16,0.0004635338
9.17,0.0004673729
9.18,0.0004711914
9.19,0.0004749884
9.2,0.0004787631
9.21,0.0004825146
9.22,0.0004862421
9.23,0.0004899447
9.24,0.0004936215
9.25,0.0004972718
9.26,0.0005008946
9.27,0.0005044892
9.28,0.0005080547
9.29,0.0005115903
9.3,0.0005150952
9.31,0.0005185685
9.32,0.0005220095
9.33,0.0005254172
9.34,0.0005287911
9.35,0.0005321301
9.36,0.0005354336
9.37,0.0005387008
9.38,0.0005419309
9.39,0.0005451231
9.4,0.0005482766
9.41,0.0005513907
9.42,0.0005544647
9.43,0.0005574978
9.44,0.0005604892
9.45,0.0005634383
9.46,0.0005663444
9.47,0.0005692066
9.48,0.0005720243
9.49,0.0005747969
9.5,0.0005775235
9.51,0.0005802036
9.52,0.0005828365
9.53,0.0005854215
9.54,0.0005879579
9.55,0.0005904452
9.56,0.0005928826
9.57,0.0005952696
9.58,0.0005976056
9.59,0.0005998898
9.6,0.0006021218
9.61,0.000604301
9.62,0.0006064267
9.63,0.0006084984
9.64,0.0006105156
9.65,0.0006124776
9.66,0.0006143841
9.67,0.0006162343
9.68,0.0006180279
9.69,0.0006197644
9.7,0.0006214431
9.71,0.0006230637
9.72,0.0006246257
9.73,0.0006261286
9.74,0.000627572
9.75,0.0006289554
9.76,0.0006302784
9.77,0.0006315406
9.78,0.0006327416
9.79,0.000633881
9.8,0.0006349585
9.81,0.0006359735
9.82,0.0006369259
9.83,0.0006378153
9.84,0.0006386413
9.85,0.0006394036
9.86,0.000640102
9.87,0.000640736
9.88,0.0006413055
9.89,0.0006418102
9.9,0.0006422498
9.91,0.000642624
9.92,0.0006429328
9.93,0.0006431757
9.94,0.0006433527
9.95,0.0006434635
9.96,0.000643508
9.97,0.000643486
9.98,0.0006433974
9.99,0.0006432419
10,0.0006430196
10.01,0.0006427303
10.02,0.0006423738
10.03,0.0006419501
10.04,0.0006414592
10.05,0.0006409009
10.06,0.0006402752
10.07,0.0006395822
10.08,0.0006388217
10.09,0.0006379938
10.1,0.0006370985
10.11,0.0006361358
10.12,0.0006351058
10.13,0.0006340085
10.14,0.0006328439
10.15,0.0006316122
10.16,0.0006303134
10.17,0.0006289477
10.18,0.0006275152
10.19,0.0006260159
10.2,0.0006244501
10.21,0.0006228179
10.22,0.0006211195
10.23,0.000619355
10.24,0.0006175247
10.25,0.0006156288
10.26,0.0006136675
10.27,0.000611641
10.28,0.0006095496
10.29,0.0006073937
10.3,0.0006051733
10.31,0.000602889
10.32,0.0006005409
10.33,0.0005981293
10.34,0.0005956547
10.35,0.0005931173
10.36,0.0005905175
10.37,0.0005878557
10.38,0.0005851322
10.39,0.0005823476
10.4,0.0005795021
10.41,0.0005765962
10.42,0.0005736303
10.43,0.0005706049
10.44,0.0005675205
10.45,0.0005643774
10.46,0.0005611763
10.47,0.0005579175
10.48,0.0005546017
10.49,0.0005512292
10.5,0.0005478007
10.51,0.0005443167
10.52,0.0005407777
10.53,0.0005371844
10.54,0.0005335372
10.55,0.0005298368
10.56,0.0005260837
10.57,0.0005222786
10.58,0.0005184221
10.59,0.0005145148
10.6,0.0005105574
10.61,0.0005065505
10.62,0.0005024947
10.63,0.0004983907
10.64,0.0004942393
10.65,0.000490041
10.66,0.0004857966
10.67,0.0004815068
10.68,0.0004771723
10.69,0.0004727938
10.7,0.0004683721
10.71,0.0004639078
10.72,0.0004594017
10.73,0.0004548546
10.74,0.0004502673
10.75,0.0004456404
10.76,0.0004409748
10.77,0.0004362712
10.78,0.0004315305
10.79,0.0004267533
10.8,0.0004219406
10.81,0.000417093
10.82,0.0004122115
10.83,0.0004072967
10.84,0.0004023496
10.85,0.0003973709
10.86,0.0003923615
10.87,0.0003873221
10.88,0.0003822536
10.89,0.0003771569
10.9,0.0003720326
10.91,0.0003668818
10.92,0.0003617052
10.93,0.0003565036
10.94,0.0003512778
10.95,0.0003460288
10.96,0.0003407572
10.97,0.000335464
10.98,0.00033015
10.99,0.0003248159
11,0.0003194626
11.01,0.0003140909
11.02,0.0003087017
11.03,0.0003032956
11.04,0.0002978736
11.05,0.0002924363
11.06,0.0002869846
11.07,0.0002815193
11.08,0.000276041
11.09,0.0002705506
11.1,0.0002650488
11.11,0.0002595363
11.12,0.0002540139
11.13,0.0002484822
11.14,0.0002429418
11.15,0.0002373936
11.16,0.0002318381
11.17,0.0002262759
11.18,0.0002207077
11.19,0.000215134
11.2,0.0002095555
11.21,0.0002039726
11.22,0.0001983858
11.23,0.0001927956
11.24,0.0001872025
11.25,0.0001816068
11.26,0.000176009
11.27,0.0001704093
11.28,0.000164808
11.29,0.0001592055
11.3,0.0001536017
11.31,0.000147997
11.32,0.0001423913
11.33,0.0001367846
11.34,0.0001311769
11.35,0.000125568
11.36,0.0001199576
11.37,0.0001143454
11.38,0.000108731
11.39,0.0001031136
11.4,9.749274E-05
11.41,9.186733E-05
11.42,8.623636E-05
11.43,8.059852E-05
11.44,7.495226E-05
11.45,6.929574E-05
11.46,6.362674E-05
11.47,5.794264E-05
11.48,5.224026E-05
11.49,4.651576E-05
11.5,4.076445E-05
11.51,3.498047E-05
11.52,2.915647E-05
11.53,2.32829E-05
11.54,1.7347E-05
11.55,1.133102E-05
11.56,5.208831E-06
11.57,-1.059506E-06
11.58,-7.67674E-06
11.59,-1.445704E-05
11.6,-2.092202E-05
11.61,-2.713039E-05
11.62,-3.3133E-05
11.63,-3.89643E-05
11.64,-4.46483E-05
11.65,-5.02025E-05
11.66,-5.564025E-05
11.67,-6.097209E-05
11.68,-6.620656E-05
11.69,-7.135083E-05
11.7,-7.641097E-05
11.71,-8.139228E-05
11.72,-8.629941E-05
11.73,-9.113656E-05
11.74,-9.590751E-05
11.75,-0.0001006158
11.76,-0.0001052645
11.77,-0.0001098569
11.78,-0.0001143957
11.79,-0.0001188836
11.8,-0.0001233234
11.81,-0.0001277174
11.82,-0.0001320681
11.83,-0.000136378
11.84,-0.0001406493
11.85,-0.0001448842
11.86,-0.000149085
11.87,-0.000153254
11.88,-0.0001573931
11.89,-0.0001615045
11.9,-0.0001655902
11.91,-0.0001696524
11.92,-0.0001736928
11.93,-0.0001777136
11.94,-0.0001817165
11.95,-0.0001857035
11.96,-0.0001896762
11.97,-0.0001936365
11.98,-0.000197586
11.99,-0.0002015263
12,-0.000205459
12.01,-0.0002093856
12.02,-0.0002133075
12.03,-0.0002172261
12.04,-0.0002211426
12.05,-0.0002250583
12.06,-0.0002289742
12.07,-0.0002328916
12.08,-0.0002368112
12.09,-0.0002407341
12.1,-0.0002446611
12.11,-0.0002485929
12.12,-0.0002525302
12.13,-0.0002564737
12.14,-0.0002604238
12.15,-0.0002643811
12.16,-0.0002683459
12.17,-0.0002723186
12.18,-0.0002762994
12.19,-0.0002802885
12.2,-0.0002842861
12.21,-0.0002882922
12.22,-0.0002923068
12.23,-0.00029633
12.24,-0.0003003616
12.25,-0.0003044015
12.26,-0.0003084494
12.27,-0.0003125053
12.28,-0.0003165687
12.29,-0.0003206394
12.3,-0.000324717
12.31,-0.0003288011
12.32,-0.0003328913
12.33,-0.000336987
12.34,-0.0003410879
12.35,-0.0003451934
12.36,-0.0003493029
12.37,-0.0003534158
12.38,-0.0003575316
12.39,-0.0003616495
12.4,-0.0003657691
12.41,-0.0003698895
12.42,-0.00037401
12.43,-0.0003781301
12.44,-0.0003822489
12.45,-0.0003863657
12.46,-0.0003904798
12.47,-0.0003945904
12.48,-0.0003986967
12.49,-0.000402798
12.5,-0.0004068933
12.51,-0.000410982
12.52,-0.0004150632
12.53,-0.0004191361
12.54,-0.0004231998
12.55,-0.0004272536
12.56,-0.0004312965
12.57,-0.0004353278
12.58,-0.0004393466
12.59,-0.0004433519
12.6,-0.0004473431
12.61,-0.0004513192
12.62,-0.0004552794
12.63,-0.0004592227
12.64,-0.0004631484
12.65,-0.0004670556
12.66,-0.0004709434
12.67,-0.000474811
12.68,-0.0004786575
12.69,-0.000482482
12.7,-0.0004862837
12.71,-0.0004900618
12.72,-0.0004938153
12.73,-0.0004975435
12.74,-0.0005012454
12.75,-0.0005049203
12.76,-0.0005085673
12.77,-0.0005121856
12.78,-0.0005157743
12.79,-0.0005193326
12.8,-0.0005228597
12.81,-0.0005263548
12.82,-0.000529817
12.83,-0.0005332456
12.84,-0.0005366398
12.85,-0.0005399987
12.86,-0.0005433215
12.87,-0.0005466075
12.88,-0.000549856
12.89,-0.000553066
12.9,-0.0005562369
12.91,-0.0005593679
12.92,-0.0005624583
12.93,-0.0005655073
12.94,-0.0005685141
12.95,-0.0005714781
12.96,-0.0005743985
12.97,-0.0005772747
12.98,-0.0005801058
12.99,-0.0005828912
13,-0.0005856303
13.01,-0.0005883223
13.02,-0.0005909665
13.03,-0.0005935624
13.04,-0.0005961092
13.05,-0.0005986063
13.06,-0.0006010531
13.07,-0.000603449
13.08,-0.0006057933
13.09,-0.0006080853
13.1,-0.0006103247
13.11,-0.0006125106
13.12,-0.0006146426
13.13,-0.0006167201
13.14,-0.0006187426
13.15,-0.0006207094
13.16,-0.0006226201
13.17,-0.0006244741
13.18,-0.000626271
13.19,-0.0006280101
13.2,-0.0006296911
13.21,-0.0006313134
13.22,-0.0006328766
13.23,-0.0006343802
13.24,-0.0006358237
13.25,-0.0006372068
13.26,-0.000638529
13.27,-0.0006397898
13.28,-0.000640989
13.29,-0.0006421261
13.3,-0.0006432006
13.31,-0.0006442124
13.32,-0.0006451609
13.33,-0.0006460459
13.34,-0.0006468671
13.35,-0.000647624
13.36,-0.0006483165
13.37,-0.0006489442
13.38,-0.0006495069
13.39,-0.0006500042
13.4,-0.000650436
13.41,-0.000650802
13.42,-0.0006511019
13.43,-0.0006513356
13.44,-0.0006515028
13.45,-0.0006516034
13.46,-0.0006516372
13.47,-0.000651604
13.48,-0.0006515037
13.49,-0.0006513361
13.5,-0.0006511012
13.51,-0.0006507987
13.52,-0.0006504287
13.53,-0.000649991
13.54,-0.0006494856
13.55,-0.0006489124
13.56,-0.0006482713
13.57,-0.0006475624
13.58,-0.0006467856
13.59,-0.000645941
13.6,-0.0006450285
13.61,-0.0006440481
13.62,-0.000643
13.63,-0.0006418842
13.64,-0.0006407006
13.65,-0.0006394495
13.66,-0.0006381309
13.67,-0.0006367449
13.68,-0.0006352917
13.69,-0.0006337713
13.7,-0.000632184
13.71,-0.0006305298
13.72,-0.000628809
13.73,-0.0006270217
13.74,-0.0006251682
13.75,-0.0006232487
13.76,-0.0006212634
13.77,-0.0006192125
13.78,-0.0006170963
13.79,-0.0006149151
13.8,-0.0006126692
13.81,-0.0006103589
13.82,-0.0006079844
13.83,-0.000605546
13.84,-0.0006030443
13.85,-0.0006004793
13.86,-0.0005978516
13.87,-0.0005951616
13.88,-0.0005924095
13.89,-0.0005895958
13.9,-0.0005867209
13.91,-0.0005837853
13.92,-0.0005807893
13.93,-0.0005777335
13.94,-0.0005746182
13.95,-0.0005714441
13.96,-0.0005682114
13.97,-0.0005649208
13.98,-0.0005615728
13.99,-0.0005581678
14,-0.0005547065
14.01,-0.0005511893
14.02,-0.0005476168
14.03,-0.0005439896
14.04,-0.0005403082
14.05,-0.0005365733
14.06,-0.0005327855
14.07,-0.0005289452
14.08,-0.0005250533
14.09,-0.0005211103
14.1,-0.0005171168
14.11,-0.0005130735
14.12,-0.0005089811
14.13,-0.0005048402
14.14,-0.0005006515
14.15,-0.0004964157
14.16,-0.0004921334
14.17,-0.0004878055
14.18,-0.0004834326
14.19,-0.0004790154
14.2,-0.0004745547
14.21,-0.0004700511
14.22,-0.0004655055
14.23,-0.0004609186
14.24,-0.0004562912
14.25,-0.000451624
14.26,-0.0004469177
14.27,-0.0004421732
14.28,-0.0004373913
14.29,-0.0004325728
14.3,-0.0004277183
14.31,-0.0004228288
14.32,-0.0004179051
14.33,-0.0004129479
14.34,-0.000407958
14.35,-0.0004029364
14.36,-0.0003978837
14.37,-0.0003928009
14.38,-0.0003876887
14.39,-0.000382548
14.4,-0.0003773795
14.41,-0.0003721842
14.42,-0.0003669629
14.43,-0.0003617164
14.44,-0.0003564454
14.45,-0.0003511509
14.46,-0.0003458337
14.47,-0.0003404946
14.48,-0.0003351344
14.49,-0.000329754
14.5,-0.0003243541
14.51,-0.0003189355
14.52,-0.0003134992
14.53,-0.0003080458
14.54,-0.0003025762
14.55,-0.0002970911
14.56,-0.0002915914
14.57,-0.0002860777
14.58,-0.000280551
14.59,-0.0002750118
14.6,-0.000269461
14.61,-0.0002638993
14.62,-0.0002583274
14.63,-0.000252746
14.64,-0.0002471557
14.65,-0.0002415573
14.66,-0.0002359514
14.67,-0.0002303385
14.68,-0.0002247194
14.69,-0.0002190946
14.7,-0.0002134647
14.71,-0.0002078301
14.72,-0.0002021915
14.73,-0.0001965492
14.74,-0.0001909037
14.75,-0.0001852555
14.76,-0.0001796048
14.77,-0.0001739521
14.78,-0.0001682975
14.79,-0.0001626414
14.8,-0.0001569838
14.81,-0.000151325
14.82,-0.0001456651
14.83,-0.0001400039
14.84,-0.0001343415
14.85,-0.0001286776
14.86,-0.000123012
14.87,-0.0001173445
14.88,-0.0001116745
14.89,-0.0001060014
14.9,-0.0001003246
14.91,-9.464309E-05
14.92,-8.895593E-05
14.93,-8.326181E-05
14.94,-7.755923E-05
14.95,-7.184638E-05
14.96,-6.612112E-05
14.97,-6.03809E-05
14.98,-5.462267E-05
14.99,-4.884272E-05
15,-4.303655E-05
15.01,-3.71986E-05
15.02,-3.132189E-05
15.03,-2.539748E-05
15.04,-1.941355E-05
15.05,-1.335387E-05
15.06,-7.195006E-06
15.07,-9.012845E-07
15.08,5.55342E-06
15.09,1.25606E-05
15.1,1.920087E-05
15.11,2.556559E-05
15.12,3.170786E-05
15.13,3.76671E-05
15.14,4.347039E-05
15.15,4.91372E-05
15.16,5.468222E-05
15.17,6.01169E-05
15.18,6.545048E-05
15.19,7.06906E-05
15.2,7.584373E-05
15.21,8.091545E-05
15.22,8.591067E-05
15.23,9.083376E-05
15.24,9.568865E-05
15.25,0.000100479
15.26,0.000105208
15.27,0.000109879
15.28,0.0001144948
15.29,0.0001190581
15.3,0.0001235717
15.31,0.0001280381
15.32,0.0001324598
15.33,0.0001368391
15.34,0.0001411784
15.35,0.0001454801
15.36,0.0001497462
15.37,0.000153979
15.38,0.0001581806
15.39,0.0001623532
15.4,0.0001664988
15.41,0.0001706194
15.42,0.0001747171
15.43,0.0001787937
15.44,0.0001828512
15.45,0.0001868914
15.46,0.0001909161
15.47,0.0001949271
15.48,0.0001989261
15.49,0.0002029147
15.5,0.0002068944
15.51,0.0002108669
15.52,0.0002148335
15.53,0.0002187957
15.54,0.0002227547
15.55,0.0002267117
15.56,0.000230668
15.57,0.0002346247
15.58,0.0002385826
15.59,0.0002425429
15.6,0.0002465063
15.61,0.0002504736
15.62,0.0002544455
15.63,0.0002584228
15.64,0.0002624059
15.65,0.0002663954
15.66,0.0002703916
15.67,0.000274395
15.68,0.0002784058
15.69,0.0002824242
15.7,0.0002864505
15.71,0.0002904847
15.72,0.0002945268
15.73,0.0002985769
15.74,0.0003026349
15.75,0.0003067007
15.76,0.0003107741
15.77,0.0003148548
15.78,0.0003189427
15.79,0.0003230375
15.8,0.0003271387
15.81,0.000331246
15.82,0.0003353591
15.83,0.0003394773
15.84,0.0003436004
15.85,0.0003477277
15.86,0.0003518587
15.87,0.0003559928
15.88,0.0003601294
15.89,0.000364268
15.9,0.0003684079
15.91,0.0003725484
15.92,0.0003766888
15.93,0.0003808284
15.94,0.0003849666
15.95,0.0003891025
15.96,0.0003932355
15.97,0.0003973648
15.98,0.0004014895
15.99,0.000405609
16,0.0004097224
16.01,0.000413829
16.02,0.0004179278
16.03,0.0004220182
16.04,0.0004260992
16.05,0.00043017
16.06,0.0004342299
16.07,0.0004382779
16.08,0.0004423132
16.09,0.0004463349
16.1,0.0004503423
16.11,0.0004543344
16.12,0.0004583104
16.13,0.0004622694
16.14,0.0004662106
16.15,0.0004701331
16.16,0.0004740361
16.17,0.0004779186
16.18,0.0004817799
16.19,0.0004856191
16.2,0.0004894352
16.21,0.0004932275
16.22,0.0004969952
16.23,0.0005007373
16.24,0.000504453
16.25,0.0005081414
16.26,0.0005118018
16.27,0.0005154333
16.28,0.000519035
16.29,0.0005226062
16.3,0.000526146
16.31,0.0005296535
16.32,0.0005331281
16.33,0.0005365688
16.34,0.0005399748
16.35,0.0005433454
16.36,0.0005466798
16.37,0.0005499772
16.38,0.0005532368
16.39,0.0005564578
16.4,0.0005596395
16.41,0.0005627811
16.42,0.0005658818
16.43,0.0005689409
16.44,0.0005719578
16.45,0.0005749315
16.46,0.0005778615
16.47,0.000580747
16.48,0.0005835873
16.49,0.0005863817
16.5,0.0005891295
16.51,0.00059183
16.52,0.0005944826
16.53,0.0005970866
16.54,0.0005996414
16.55,0.0006021462
16.56,0.0006046005
16.57,0.0006070036
16.58,0.0006093549
16.59,0.0006116539
16.6,0.0006138998
16.61,0.0006160922
16.62,0.0006182304
16.63,0.0006203139
16.64,0.0006223421
16.65,0.0006243145
16.66,0.0006262305
16.67,0.0006280896
16.68,0.0006298913
16.69,0.0006316351
16.7,0.0006333205
16.71,0.0006349471
16.72,0.0006365142
16.73,0.0006380216
16.74,0.0006394687
16.75,0.0006408551
16.76,0.0006421804
16.77,0.0006434441
16.78,0.0006446459
16.79,0.0006457854
16.8,0.0006468622
16.81,0.0006478759
16.82,0.0006488262
16.83,0.0006497128
16.84,0.0006505352
16.85,0.0006512933
16.86,0.0006519866
16.87,0.000652615
16.88,0.000653178
16.89,0.0006536756
16.9,0.0006541073
16.91,0.000654473
16.92,0.0006547725
16.93,0.0006550054
16.94,0.0006551718
16.95,0.0006552712
16.96,0.0006553036
16.97,0.0006552688
16.98,0.0006551667
16.99,0.0006549971
17,0.0006547599
17.01,0.000654455
17.02,0.0006540823
17.03,0.0006536417
17.04,0.0006531332
17.05,0.0006525566
17.06,0.000651912
17.07,0.0006511994
17.08,0.0006504186
17.09,0.0006495698
17.1,0.0006486528
17.11,0.0006476679
17.12,0.0006466149
17.13,0.000645494
17.14,0.0006443053
17.15,0.0006430487
17.16,0.0006417244
17.17,0.0006403326
17.18,0.0006388732
17.19,0.0006373466
17.2,0.0006357527
17.21,0.0006340918
17.22,0.0006323641
17.23,0.0006305698
17.24,0.000628709
17.25,0.0006267819
17.26,0.0006247889
17.27,0.0006227301
17.28,0.0006206058
17.29,0.0006184163
17.3,0.0006161619
17.31,0.0006138429
17.32,0.0006114595
17.33,0.0006090121
17.34,0.000606501
17.35,0.0006039266
17.36,0.0006012893
17.37,0.0005985894
17.38,0.0005958273
17.39,0.0005930033
17.4,0.0005901181
17.41,0.0005871718
17.42,0.0005841651
17.43,0.0005810983
17.44,0.0005779719
17.45,0.0005747864
17.46,0.0005715423
17.47,0.00056824
17.48,0.0005648801
17.49,0.0005614631
17.5,0.0005579895
17.51,0.0005544599
17.52,0.0005508749
17.53,0.0005472349
17.54,0.0005435407
17.55,0.0005397927
17.56,0.0005359915
17.57,0.0005321379
17.58,0.0005282324
17.59,0.0005242756
17.6,0.0005202682
17.61,0.0005162108
17.62,0.0005121041
17.63,0.0005079488
17.64,0.0005037455
17.65,0.0004994949
17.66,0.0004951978
17.67,0.0004908548
17.68,0.0004864666
17.69,0.000482034
17.7,0.0004775577
17.71,0.0004730385
17.72,0.000468477
17.73,0.0004638741
17.74,0.0004592304
17.75,0.0004545468
17.76,0.0004498241
17.77,0.000445063
17.78,0.0004402642
17.79,0.0004354287
17.8,0.0004305571
17.81,0.0004256504
17.82,0.0004207092
17.83,0.0004157344
17.84,0.0004107268
17.85,0.0004056873
17.86,0.0004006166
17.87,0.0003955156
17.88,0.0003903851
17.89,0.0003852259
17.9,0.0003800388
17.91,0.0003748247
17.92,0.0003695845
17.93,0.0003643188
17.94,0.0003590287
17.95,0.0003537148
17.96,0.0003483781
17.97,0.0003430193
17.98,0.0003376393
17.99,0.0003322388
18,0.0003268188
18.01,0.00032138
18.02,0.0003159232
18.03,0.0003104493
18.04,0.0003049589
18.05,0.000299453
18.06,0.0002939323
18.07,0.0002883975
18.08,0.0002828494
18.09,0.0002772888
18.1,0.0002717164
18.11,0.0002661329
18.12,0.000260539
18.13,0.0002549355
18.14,0.0002493231
18.15,0.0002437023
18.16,0.0002380738
18.17,0.0002324383
18.18,0.0002267964
18.19,0.0002211486
18.2,0.0002154956
18.21,0.0002098378
18.22,0.0002041757
18.23,0.0001985098
18.24,0.0001928406
18.25,0.0001871685
18.26,0.0001814938
18.27,0.0001758169
18.28,0.0001701381
18.29,0.0001644575
18.3,0.0001587754
18.31,0.0001530919
18.32,0.0001474071
18.33,0.0001417209
18.34,0.0001360334
18.35,0.0001303443
18.36,0.0001246534
18.37,0.0001189604
18.38,0.0001132648
18.39,0.0001075662
18.4,0.0001018636
18.41,9.615643E-05
18.42,9.044349E-05
18.43,8.472359E-05
18.44,7.899523E-05
18.45,7.325665E-05
18.46,6.750577E-05
18.47,6.174008E-05
18.48,5.59566E-05
18.49,5.015173E-05
18.5,4.432107E-05
18.51,3.845926E-05
18.52,3.255955E-05
18.53,2.661334E-05
18.54,2.060934E-05
18.55,1.453221E-05
18.56,8.35999E-06
18.57,2.059569E-06
18.58,-4.410671E-06
18.59,-1.144256E-05
18.6,-1.815926E-05
18.61,-2.459998E-05
18.62,-3.081214E-05
18.63,-3.683609E-05
18.64,-4.269997E-05
18.65,-4.842409E-05
18.66,-5.402374E-05
18.67,-5.951081E-05
18.68,-6.489487E-05
18.69,-7.018381E-05
18.7,-7.538428E-05
18.71,-8.050202E-05
18.72,-8.554204E-05
18.73,-9.050881E-05
18.74,-9.540634E-05
18.75,-0.0001002383
18.76,-0.0001050081
18.77,-0.0001097189
18.78,-0.0001143736
18.79,-0.000118975
18.8,-0.0001235259
18.81,-0.0001280287
18.82,-0.0001324861
18.83,-0.0001369003
18.84,-0.0001412737
18.85,-0.0001456086
18.86,-0.0001499072
18.87,-0.0001541717
18.88,-0.0001584043
18.89,-0.000162607
18.9,-0.000166782
18.91,-0.0001709312
18.92,-0.0001750567
18.93,-0.0001791603
18.94,-0.000183244
18.95,-0.0001873097
18.96,-0.0001913591
18.97,-0.0001953941
18.98,-0.0001994162
18.99,-0.0002034272
19,-0.0002074286
19.01,-0.000211422
19.02,-0.0002154088
19.03,-0.0002193905
19.04,-0.0002233682
19.05,-0.0002273434
19.06,-0.0002313171
19.07,-0.0002352905
19.08,-0.0002392646
19.09,-0.0002432403
19.1,-0.0002472185
19.11,-0.0002512
19.12,-0.0002551857
19.13,-0.000259176
19.14,-0.0002631717
19.15,-0.0002671732
19.16,-0.0002711809
19.17,-0.0002751953
19.18,-0.0002792166
19.19,-0.0002832451
19.2,-0.000287281
19.21,-0.0002913244
19.22,-0.0002953753
19.23,-0.0002994338
19.24,-0.0003034998
19.25,-0.0003075732
19.26,-0.0003116538
19.27,-0.0003157415
19.28,-0.000319836
19.29,-0.000323937
19.3,-0.0003280441
19.31,-0.0003321571
19.32,-0.0003362756
19.33,-0.0003403989
19.34,-0.0003445268
19.35,-0.0003486587
19.36,-0.000352794
19.37,-0.0003569322
19.38,-0.0003610728
19.39,-0.000365215
19.4,-0.0003693583
19.41,-0.000373502
19.42,-0.0003776455
19.43,-0.000381788
19.44,-0.0003859288
19.45,-0.0003900672
19.46,-0.0003942025
19.47,-0.0003983338
19.48,-0.0004024606
19.49,-0.0004065818
19.5,-0.0004106969
19.51,-0.0004148049
19.52,-0.000418905
19.53,-0.0004229965
19.54,-0.0004270785
19.55,-0.0004311503
19.56,-0.0004352108
19.57,-0.0004392594
19.58,-0.0004432951
19.59,-0.0004473172
19.6,-0.0004513248
19.61,-0.0004553169
19.62,-0.0004592928
19.63,-0.0004632516
19.64,-0.0004671925
19.65,-0.0004711145
19.66,-0.0004750169
19.67,-0.0004788987
19.68,-0.0004827591
19.69,-0.0004865973
19.7,-0.0004904124
19.71,-0.0004942035
19.72,-0.0004979698
19.73,-0.0005017105
19.74,-0.0005054246
19.75,-0.0005091114
19.76,-0.00051277
19.77,-0.0005163996
19.78,-0.0005199993
19.79,-0.0005235684
19.8,-0.0005271059
19.81,-0.0005306111
19.82,-0.0005340832
19.83,-0.0005375213
19.84,-0.0005409247
19.85,-0.0005442925
19.86,-0.000547624
19.87,-0.0005509183
19.88,-0.0005541748
19.89,-0.0005573925
19.9,-0.0005605709
19.91,-0.000563709
19.92,-0.0005668062
19.93,-0.0005698617
19.94,-0.0005728747
19.95,-0.0005758446
19.96,-0.0005787706
19.97,-0.000581652
19.98,-0.0005844881
19.99,-0.0005872782
20,-0.0005900216
20.01,-0.0005927177
20.02,-0.0005953657
20.03,-0.000597965
20.04,-0.0006005149
20.05,-0.0006030148
20.06,-0.0006054641
20.07,-0.0006078622
20.08,-0.0006102083
20.09,-0.000612502
20.1,-0.0006147425
20.11,-0.0006169294
20.12,-0.0006190621
20.13,-0.0006211399
20.14,-0.0006231624
20.15,-0.0006251289
20.16,-0.000627039
20.17,-0.0006288921
20.18,-0.0006306877
20.19,-0.0006324254
20.2,-0.0006341045
20.21,-0.0006357247
20.22,-0.0006372854
20.23,-0.0006387862
20.24,-0.0006402267
20.25,-0.0006416065
20.26,-0.000642925
20.27,-0.0006441819
20.28,-0.0006453768
20.29,-0.0006465093
20.3,-0.000647579
20.31,-0.0006485856
20.32,-0.0006495287
20.33,-0.000650408
20.34,-0.0006512231
20.35,-0.0006519737
20.36,-0.0006526596
20.37,-0.0006532804
20.38,-0.0006538359
20.39,-0.0006543258
20.4,-0.0006547498
20.41,-0.0006551077
20.42,-0.0006553994
20.43,-0.0006556244
20.44,-0.0006557828
20.45,-0.0006558743
20.46,-0.0006558986
20.47,-0.0006558557
20.48,-0.0006557455
20.49,-0.0006555677
20.5,-0.0006553222
20.51,-0.000655009
20.52,-0.000654628
20.53,-0.0006541791
20.54,-0.0006536621
20.55,-0.0006530771
20.56,-0.000652424
20.57,-0.0006517029
20.58,-0.0006509136
20.59,-0.0006500561
20.6,-0.0006491306
20.61,-0.000648137
20.62,-0.0006470754
20.63,-0.0006459458
20.64,-0.0006447483
20.65,-0.000643483
20.66,-0.00064215
20.67,-0.0006407494
20.68,-0.0006392813
20.69,-0.0006377458
20.7,-0.0006361431
20.71,-0.0006344734
20.72,-0.0006327369
20.73,-0.0006309337
20.74,-0.000629064
20.75,-0.0006271281
20.76,-0.0006251262
20.77,-0.0006230586
20.78,-0.0006209254
20.79,-0.0006187271
20.8,-0.0006164638
20.81,-0.0006141359
20.82,-0.0006117436
20.83,-0.0006092874
20.84,-0.0006067675
20.85,-0.0006041843
20.86,-0.0006015381
20.87,-0.0005988294
20.88,-0.0005960585
20.89,-0.0005932258
20.9,-0.0005903318
20.91,-0.0005873768
20.92,-0.0005843613
20.93,-0.0005812858
20.94,-0.0005781508
20.95,-0.0005749566
20.96,-0.0005717038
20.97,-0.000568393
20.98,-0.0005650245
20.99,-0.0005615989
21,-0.0005581169
